spend_id,date,acquisition_channel,campaign_name,region,currency,spend_amount,impressions,clicks,conversions,created_at
M01064,2024-10-15,Partner,SPRING24,CA,EUR,1917.81,171625,,,2024-10-15 0:00
M00060,,,SUMMER24,US,,9667.53,3270,5243,,2024-06-14 0:00
M00331,2023-07-22,Social,SPRING24,FR,,6344.66,,,,2023-07-22 0:00
M00768,2023-08-04 0:00,Referral,SUMMER24,AU,usd,7046.7,,,,2023-08-04 0:00
M01176,10/31/2024,Partner,,US-East,usd,5509.31,183573,403,,2024-10-31 0:00
M01197,06/05/2025,,,GB,,,,,,2025-06-05 0:00
M01188,2023-11-23,Social,N/A,IN,CAD,18643.35,,,,2023-11-23 0:00
M00745,08/19/2023,,SPRING24,GB,,7536.26,636605,,,2023-08-19 0:00
M00556,2025-02-22 0:00,Paid Search,N/A,US-East,GBP,16097.24,,,,2025-02-22 0:00
M00431,2024-05-19,,Q3_PROMO,,,15189.04,,,495,2024-05-19 0:00
M00297,2024-07-06,Referral,AI-LAUNCH,IN,,11089.88,589170,,15,2024-07-06 0:00
M00771,2024-07-08 0:00,Webinar,RETARGET1,,,N/A,,,,2024-07-08 0:00
M00732,2023-05-25,Webinar,,,usd,13413.05,,,,2023-05-25 0:00
M00849,,PAID SEARCH,RETARGET1,IN,EUR,12209.67,,3527,,2023-08-30 0:00
M00119,2024-08-13 0:00,Organic,N/A,,USD,15719.75,,,318,2024-08-13 0:00
M00770,2024-04-13 0:00,Outbound,N/A,US,,3606.43,841851,,,2024-04-13 0:00
M01004,2023-07-03 0:00,Organic,AI-LAUNCH,CA,usd,,,,,2023-07-03 0:00
M00353,2025-06-06,,SUMMER24,US-West,,18035.54,751989,,,2025-06-06 0:00
M00204,,Partner,AI-LAUNCH,DE,CAD,17508.85,478392,,322,2024-01-11 0:00
M00715,08/07/2023,Webinar,WINTER25,US-West,USD,1970.37,777352,,,2023-08-07 0:00
M00282,2024-04-08 0:00,Referral,N/A,BR,,8395.99,275922,,,2024-04-08 0:00
m00809,2023-03-09 0:00,Outbound,BF2024,US,,1406.22,,,54,2023-03-09 0:00
M00046,2025-05-11,Partner,SUMMER24,GB,USD,1700.75,363912,,,2025-05-11 0:00
M00271,05/28/2024,,Q3_PROMO,DE,USD,3487.55,,,,2024-05-28 0:00
M00523,2023-10-17 0:00,,BF2024,IN,,10797.65,,9189,,2023-10-17 0:00
M00900,2023-07-01,,,GB,,16583.01,638473,,,2023-07-01 0:00
M00174,2025-03-18 0:00,Referral,,FR,,10176.63,753415,8785,,2025-03-18 0:00
M00393,07/20/2024,PAID SEARCH,N/A,,,5054.93,64667,14936,,2024-07-20 0:00
M00845,10/29/2024,Outbound,Q3_PROMO,DE,,3795.61,643820,,,2024-10-29 0:00
M00976,2025-05-26 0:00,Referral,WINTER25,GB,CAD,2917.7,,,598,2025-05-26 0:00
M01164,2023-05-21 0:00,Webinar,AI-LAUNCH,GB,GBP,15198.36,60601,10947,,2023-05-21 0:00
M00882,2023-05-05 0:00,Paid Search,,GB,EUR,11032.96,,,,2023-05-05 0:00
M00759,03/09/2024,Paid Search,SPRING24,AU,usd,1834.42,,13855,206,2024-03-09 0:00
M01150,,Outbound,RETARGET1,US-West,GBP,7493.48,,,,2025-01-20 0:00
M00509,01/19/2025,Social,,BR,CAD,1456.8,68164,4449,312,2025-01-19 0:00
M00423,2024-03-04,Content,,AU,EUR,19035.44,401830,14602,,2024-03-04 0:00
M00600,2025-03-18 0:00,,N/A,US-West,usd,2310.13,,,411,2025-03-18 0:00
M00921,06/30/2023,Social,,US-West,,13686.93,,,,2023-06-30 0:00
M00830,2024-05-16,Outbound,SUMMER24,IN,usd,12874.43,852658,,294,2024-05-16 0:00
m00898,2023-01-27 0:00,Outbound,,US-East,USD,,126118,6774,,2023-01-27 0:00
M01093,2025-03-18,Content,N/A,GB,GBP,19051.66,,7209,131,2025-03-18 0:00
M01014,,Organic,N/A,CA,,9504.88,,18941,,2024-11-15 0:00
M00216,2024-05-14 0:00,Content,SUMMER24,,,6149.09,172147,,380,2024-05-14 0:00
M00918,2025-05-17,Paid Search,Q3_PROMO,US-West,,17069,448896,,,2025-05-17 0:00
M00997,02/07/2024,Webinar,WINTER25,,,12568.82,,10603,,2024-02-07 0:00
M00459,,Paid Search,RETARGET1,IN,usd,13174.86,,,,2023-01-20 0:00
M01194,2024-08-13 0:00,Referral,RETARGET1,AU,GBP,14180.13,,,,2024-08-13 0:00
M00020,06/23/2023,Referral,SPRING24,GB,GBP,15453.77,852550,,,2023-06-23 0:00
M00131,2025-04-30 0:00,,RETARGET1,GB,usd,3860.21,,7225,143,2025-04-30 0:00
M01123,,Webinar,,GB,,861.07,,3395,,2023-08-08 0:00
M00234,2024-08-24,Content,N/A,IN,usd,9706.24,527212,2632,,2024-08-24 0:00
M00636,,,BF2024,,USD,10316.59,,,,2025-01-16 0:00
M00147,2023-03-15,,N/A,CA,,3803.09,,,,2023-03-15 0:00
M00615,2024-06-03,Content,N/A,BR,EUR,5479.17,505895,,,2024-06-03 0:00
M00364,09/06/2024,Social,BF2024,AU,usd,12237.64,,16459,,2024-09-06 0:00
M00632,2024-01-15 0:00,Partner,SUMMER24,US-East,EUR,6993.68,547134,,527,2024-01-15 0:00
M01036,02/21/2023,Social,N/A,US-West,GBP,2022.02,,,106,2023-02-21 0:00
M00623,2024-09-17,Social,,US-East,EUR,4433.08,,11800,,2024-09-17 0:00
M01026,2023-06-30,,N/A,DE,GBP,11687.08,309532,1809,,2023-06-30 0:00
M00145,11/22/2024,Webinar,AI-LAUNCH,US-West,GBP,3212.67,752847,,,2024-11-22 0:00
M00287,2023-06-20 0:00,,N/A,FR,EUR,2468.07,,,274,2023-06-20 0:00
M00336,2024-05-23 0:00,Webinar,AI-LAUNCH,,usd,6632.28,544863,,56,2024-05-23 0:00
M00135,2025-02-11,Paid Search,RETARGET1,AU,,N/A,,,,2025-02-11 0:00
M01067,,Referral,N/A,US-East,USD,9624.83,,16493,,2024-01-23 0:00
M01062,05/28/2025,Paid Search,SPRING24,FR,EUR,9367.55,688629,,,2025-05-28 0:00
M01119,2023-05-21 0:00,,WINTER25,CA,GBP,14914.09,362967,19376,,2023-05-21 0:00
M00855,2024-05-09,Content,SUMMER24,US-West,EUR,17567.97,97904,,,2024-05-09 0:00
M00585,,Organic,RETARGET1,US,GBP,1409.47,,,583,2024-04-28 0:00
M00738,2024-10-12,Social,SPRING24,US-West,CAD,5453.1,304992,,,2024-10-12 0:00
M01198,04/22/2024,Social,RETARGET1,FR,CAD,,,,,2024-04-22 0:00
M00340,2023-03-09,Referral,,AU,USD,6809.03,,588,207,2023-03-09 0:00
M00521,2023-04-08,Organic,WINTER25,IN,usd,974.47,352794,,,2023-04-08 0:00
M00029,12/30/2024,Social,AI-LAUNCH,CA,usd,1538.09,,,313,2024-12-30 0:00
M00238,2025-01-19 0:00,Outbound,WINTER25,GB,EUR,15351.23,,19904,540,2025-01-19 0:00
M00389,09/13/2024,Content,WINTER25,GB,usd,7728.38,,16918,253,2024-09-13 0:00
M00358,2025-05-15,Referral,SPRING24,CA,,16569.1,,,,2025-05-15 0:00
M00278,2024-04-12,,SPRING24,US-West,EUR,18273.19,682799,,,2024-04-12 0:00
M00293,2024-08-28,PAID SEARCH,N/A,FR,,6535.87,,,,2024-08-28 0:00
M01116,2024-09-14 0:00,Organic,,US,GBP,19294.96,,,,2024-09-14 0:00
M00630,,Organic,WINTER25,US-East,EUR,16153.01,,,,2024-11-30 0:00
M00052,,,WINTER25,FR,,15319.28,268807,,,2025-03-19 0:00
M00909,2024-08-05,Organic,Q3_PROMO,US-East,EUR,8817.15,,11177,191,2024-08-05 0:00
 M00150,2024-02-03,Partner,WINTER25,CA,,2173.71,122955,,397,2024-02-03 0:00
M01036,2023-09-03,Paid Search,,US-East,CAD,18049.66,,,,2023-09-03 0:00
M01180,03/08/2024,PAID SEARCH,N/A,BR,,1614.38,,,36,2024-03-08 0:00
M00344,2023-01-25,,RETARGET1,IN,,18503.02,,,,2023-01-25 0:00
M00584,2023-02-16,Social,N/A,DE,GBP,6865.07,535146,,108,2023-02-16 0:00
M00355,2023-11-26 0:00,Partner,RETARGET1,,EUR,5378.15,,,585,2023-11-26 0:00
M00466,05/13/2025,Referral,BF2024,FR,GBP,19259.02,,,,2025-05-13 0:00
m01185,08/08/2024,,SUMMER24,US-East,,N/A,,,359,2024-08-08 0:00
M00389,2023-11-30,Outbound,,,,14727.17,,,122,2023-11-30 0:00
M00102,2024-10-29,Content,Q3_PROMO,BR,CAD,1210.33,132469,,483,2024-10-29 0:00
M01186,,Outbound,BF2024,AU,GBP,17203.71,,,,2023-07-09 0:00
M01140,2023-01-29 0:00,,,BR,EUR,16483.64,651848,15735,,2023-01-29 0:00
 M00806,06/03/2025,Referral,WINTER25,,EUR,15159.99,,,,2025-06-03 0:00
M00959,,Partner,AI-LAUNCH,DE,CAD,5050.92,,,,2023-09-29 0:00
M01113,2023-09-28 0:00,Content,Q3_PROMO,BR,EUR,17923.5,,16799,350,2023-09-28 0:00
M00542,,Partner,WINTER25,CA,CAD,12721.92,83883,,,2024-04-02 0:00
M00895,2025-06-18,Webinar,SPRING24,AU,EUR,6484.43,,,,2025-06-18 0:00
M00533,2024-09-02,Webinar,RETARGET1,DE,usd,12688.77,,,,2024-09-02 0:00
M01058,2023-02-15,Outbound,BF2024,IN,CAD,380.76,400493,,,2023-02-15 0:00
M00976,2023-12-19 0:00,,SPRING24,US,,2415.52,,,,2023-12-19 0:00
M00897,,,,DE,EUR,15875.59,,2271,,2025-02-18 0:00
M01004,,,WINTER25,BR,USD,10026.63,,18785,,2023-06-30 0:00
M01097,11/02/2024,PAID SEARCH,WINTER25,BR,,3132,,9016,,2024-11-02 0:00
M00341,2023-06-05 0:00,Partner,Q3_PROMO,CA,EUR,1988.68,746649,,,2023-06-05 0:00
M00442,2023-12-14 0:00,Organic,,US-West,CAD,6965.18,,,227,2023-12-14 0:00
M01038,,,RETARGET1,AU,CAD,971.74,756400,3589,,2023-09-15 0:00
M01020,,PAID SEARCH,SPRING24,US-East,,,,4325,469,2024-12-11 0:00
M00342,2024-04-25,PAID SEARCH,SUMMER24,AU,GBP,1259.47,,,,2024-04-25 0:00
M00160,,Partner,RETARGET1,US-West,GBP,18180.22,813228,9744,,2023-03-13 0:00
M01117,2024-04-17 0:00,Referral,WINTER25,US-East,usd,14729.49,750275,12051,481,2024-04-17 0:00
M00411,,Referral,WINTER25,CA,GBP,12373.57,,,443,2024-03-12 0:00
M00914,,PAID SEARCH,,GB,usd,2364.78,843394,,336,2023-05-14 0:00
M00462,2023-01-06 0:00,Outbound,WINTER25,CA,GBP,5287.66,,,216,2023-01-06 0:00
M00415,2023-04-28 0:00,Paid Search,SPRING24,AU,,5881.13,,14572,,2023-04-28 0:00
m00089,08/17/2023,Content,AI-LAUNCH,CA,usd,N/A,,,,2023-08-17 0:00
M00515,2024-11-01,,Q3_PROMO,DE,USD,3749.18,,,,2024-11-01 0:00
M01108,,PAID SEARCH,SUMMER24,IN,,16636.19,396000,,,2023-09-30 0:00
M00185,2024-06-09 0:00,Referral,SUMMER24,DE,GBP,12013.98,166875,,277,2024-06-09 0:00
M00623,,Webinar,,DE,USD,11908.85,,,,2023-08-12 0:00
M00759,09/27/2023,,SPRING24,FR,,18395.42,,,78,2023-09-27 0:00
M01040,2024-07-02,Paid Search,,,GBP,2470.09,,,309,2024-07-02 0:00
M00269,2025-05-02 0:00,Content,SUMMER24,,USD,3747.74,,,195,2025-05-02 0:00
M01161,,Outbound,WINTER25,,EUR,10223.74,813057,,,2024-01-30 0:00
M00303,2024-11-02 0:00,,SUMMER24,IN,GBP,18339.45,,10117,105,2024-11-02 0:00
M00092,2023-08-19,Social,RETARGET1,AU,CAD,19815.89,569656,,,2023-08-19 0:00
M01153,,Content,,BR,CAD,1438.79,720222,,,2025-03-04 0:00
M00766,,PAID SEARCH,,BR,usd,716.72,,,,2023-06-03 0:00
M00862,2024-07-29,Referral,SUMMER24,CA,usd,13729.51,,10021,138,2024-07-29 0:00
M00512,2024-01-22 0:00,Referral,N/A,AU,CAD,,103194,,,2024-01-22 0:00
M00477,2024-02-13,Content,SUMMER24,CA,usd,17551.77,,,266,2024-02-13 0:00
M00018,2024-05-18,Organic,N/A,BR,CAD,N/A,811092,12043,,2024-05-18 0:00
M00839,07/08/2024,Social,BF2024,GB,CAD,1141.92,713311,,,2024-07-08 0:00
M00486,2023-03-14,Outbound,BF2024,CA,,17790.92,,,,2023-03-14 0:00
M00168,2024-03-09,Webinar,BF2024,,USD,12864.62,4164,11308,479,2024-03-09 0:00
M00911,2025-03-18 0:00,Content,WINTER25,FR,,12534.19,,,,2025-03-18 0:00
M00974,2024-06-05,Webinar,,BR,usd,7036.61,203689,,555,2024-06-05 0:00
M00530,2023-09-16,Outbound,,DE,usd,12875.45,,,508,2023-09-16 0:00
M00410,2024-01-27,Partner,WINTER25,AU,GBP,13299.42,,1160,,2024-01-27 0:00
M00040,2023-04-01,Partner,,US-West,EUR,11084.99,523301,,,2023-04-01 0:00
M01126,03/29/2025,Paid Search,,US-East,EUR,1310.49,896601,,408,2025-03-29 0:00
M01180,2023-02-15,PAID SEARCH,Q3_PROMO,US-East,CAD,10008.12,733735,,,2023-02-15 0:00
M00453,,Paid Search,Q3_PROMO,GB,usd,14196.26,,,531,2024-06-30 0:00
M00765,2024-04-18 0:00,Referral,,US-East,USD,2971.3,,,74,2024-04-18 0:00
M00525,2025-02-02 0:00,,SUMMER24,,usd,9524.76,,13996,11,2025-02-02 0:00
M01021,2024-02-03 0:00,Social,SPRING24,CA,,15185.2,,13925,,2024-02-03 0:00
M00226,,Referral,SUMMER24,BR,EUR,,,,403,2024-12-10 0:00
M00286,01/16/2025,Organic,,AU,,4458.44,,5680,,2025-01-16 0:00
M00398,2024-12-03 0:00,Content,RETARGET1,US-West,GBP,1371.25,801774,,,2024-12-03 0:00
m00978,09/06/2023,Outbound,BF2024,BR,,10796.06,,18600,,2023-09-06 0:00
M00571,,Webinar,SPRING24,US-East,EUR,4429.75,853075,,107,2025-03-14 0:00
M00669,2024-04-21 0:00,,N/A,,,10686.9,,,,2024-04-21 0:00
M00838,2023-12-11 0:00,Organic,SPRING24,AU,usd,2413.46,,12809,176,2023-12-11 0:00
M00601,2025-04-10,Webinar,AI-LAUNCH,US,,7257.51,,8067,,2025-04-10 0:00
M01162,2025-02-25 0:00,Content,SUMMER24,,,6440.56,,,566,2025-02-25 0:00
M00887,2023-08-13 0:00,Outbound,,GB,USD,11117.6,,18076,,2023-08-13 0:00
M01150,,Paid Search,RETARGET1,US-East,GBP,14855.11,,6645,112,2023-04-22 0:00
M00832,2024-10-25 0:00,,AI-LAUNCH,,,6042.91,,19076,,2024-10-25 0:00
M00245,2025-04-17 0:00,PAID SEARCH,WINTER25,CA,,817.23,,,440,2025-04-17 0:00
M00813,2023-03-18,PAID SEARCH,BF2024,US-East,GBP,16437.96,,,,2023-03-18 0:00
M01103,01/07/2023,PAID SEARCH,SPRING24,GB,EUR,8768.71,607339,,89,2023-01-07 0:00
M01061,2023-07-27 0:00,Outbound,BF2024,GB,,,,,111,2023-07-27 0:00
M00531,2024-09-08,Organic,,,usd,19295.05,,,,2024-09-08 0:00
M00812,01/26/2024,Referral,AI-LAUNCH,AU,,18978.21,,,,2024-01-26 0:00
M00878,2023-11-26 0:00,Webinar,,CA,usd,5584.38,541934,5098,,2023-11-26 0:00
M00824,2024-10-08 0:00,Outbound,N/A,IN,usd,8656.14,,597,,2024-10-08 0:00
M00690,2025-01-13,Webinar,WINTER25,US-East,,4929.8,,,,2025-01-13 0:00
M00390,,Organic,,DE,,13286.62,,,,2024-10-02 0:00
M00859,02/26/2023,Outbound,RETARGET1,,,19891.46,,,562,2023-02-26 0:00
M00669,2023-01-02,Webinar,RETARGET1,FR,GBP,19415.33,273160,,,2023-01-02 0:00
M00040,,Social,SPRING24,GB,,14739.39,,,425,2024-11-28 0:00
M00601,2023-12-31 0:00,Organic,AI-LAUNCH,AU,CAD,14383.39,57003,,,2023-12-31 0:00
M00829,2023-02-11 0:00,Webinar,AI-LAUNCH,,EUR,1087.02,204710,13789,,2023-02-11 0:00
M00393,02/07/2025,Social,N/A,IN,EUR,12250.34,188830,,,2025-02-07 0:00
M00643,,,N/A,US-East,,13516.21,,,,2023-08-10 0:00
M00079,2025-02-17 0:00,Organic,BF2024,BR,GBP,18664.81,,,,2025-02-17 0:00
M00133,2023-09-03 0:00,Outbound,AI-LAUNCH,,CAD,3156.56,359295,,,2023-09-03 0:00
M00837,,PAID SEARCH,Q3_PROMO,FR,USD,5451.35,691828,,,2023-05-22 0:00
M01011,2025-04-18 0:00,Webinar,WINTER25,,USD,8045.69,,,,2025-04-18 0:00
M00345,06/07/2025,Paid Search,WINTER25,AU,,12556.73,,14394,,2025-06-07 0:00
M00978,2023-09-09 0:00,PAID SEARCH,SPRING24,CA,USD,15700.52,,,225,2023-09-09 0:00
M00915,2023-05-28,PAID SEARCH,WINTER25,DE,USD,5490.27,789002,,,2023-05-28 0:00
M00427,2023-10-17,Referral,BF2024,,,16057.88,,,,2023-10-17 0:00
M00377,2023-08-02 0:00,Outbound,Q3_PROMO,US-East,GBP,6398.89,376493,12022,,2023-08-02 0:00
M01066,,PAID SEARCH,SPRING24,US-East,,5238.36,,,,2023-09-02 0:00
M00821,,Outbound,RETARGET1,US-West,USD,6498.46,868652,,,2023-09-17 0:00
M00968,2025-06-06 0:00,,,BR,,11781.05,,6917,,2025-06-06 0:00
M00563,2024-12-29,Organic,SUMMER24,US-East,EUR,8538.33,5960,6125,,2024-12-29 0:00
M00359,2023-10-31,Paid Search,SUMMER24,,usd,12982.08,,,,2023-10-31 0:00
M00864,2025-03-19,,,AU,,10222.07,,,,2025-03-19 0:00
M00591,2024-05-29 0:00,Content,SUMMER24,IN,EUR,3589.95,848808,14902,,2024-05-29 0:00
M00952,2024-01-07 0:00,,SUMMER24,GB,usd,10598.62,,,403,2024-01-07 0:00
M00837,,,AI-LAUNCH,US-East,CAD,,117625,6490,,2023-02-18 0:00
M00386,2025-04-21 0:00,Organic,,US,EUR,6488.68,,,,2025-04-21 0:00
m00652,2023-09-02 0:00,Outbound,BF2024,FR,CAD,4021.7,,1183,,2023-09-02 0:00
M00397,,Partner,Q3_PROMO,IN,CAD,,130012,,,2023-01-29 0:00
M00305,2025-06-16,PAID SEARCH,RETARGET1,FR,,5546.9,,,,2025-06-16 0:00
M00138,,Webinar,RETARGET1,US,,2039.4,707252,,488,2024-08-15 0:00
M00644,03/15/2023,Organic,SUMMER24,US,,14611.19,297722,,,2023-03-15 0:00
M00489,2024-02-21 0:00,Partner,AI-LAUNCH,BR,,15732.61,,,,2024-02-21 0:00
M00300,2023-03-21 0:00,,WINTER25,GB,usd,2840.19,,,,2023-03-21 0:00
M00201,,Referral,SPRING24,US-West,CAD,3995.29,,,,2024-03-08 0:00
M00003,,Organic,N/A,US,usd,14021.37,841282,,7,2025-01-01 0:00
M00669,2024-04-21 0:00,,N/A,,,10686.9,,,,2024-04-21 0:00
M00942,,Partner,SUMMER24,CA,CAD,6073.12,,,,2023-05-08 0:00
M00670,,Outbound,SPRING24,CA,USD,12874.99,184702,,,2023-04-13 0:00
M00573,,PAID SEARCH,N/A,FR,GBP,11027.5,,,424,2024-11-10 0:00
M00258,05/20/2025,Referral,N/A,CA,,14025.06,,,287,2025-05-20 0:00
M01099,2025-01-06 0:00,Referral,N/A,IN,,5037.36,147123,13062,449,2025-01-06 0:00
M00734,2025-01-15,Partner,SPRING24,GB,EUR,N/A,432287,,262,2025-01-15 0:00
M00804,2023-01-24 0:00,Paid Search,SPRING24,US,,558.72,,,61,2023-01-24 0:00
M00924,,Social,WINTER25,US,,7240.14,840906,12387,,2024-10-30 0:00
M01110,2025-03-31,Social,,US-East,EUR,19456.6,,,368,2025-03-31 0:00
M00413,,Paid Search,WINTER25,,,5720.02,,,,2023-09-10 0:00
M00494,2023-07-26,Partner,RETARGET1,,,9945.45,,4300,104,2023-07-26 0:00
M00932,,Partner,SPRING24,,,5692.12,163431,,286,2025-04-19 0:00
M00249,12/24/2024,,RETARGET1,,EUR,18690.04,,16736,,2024-12-24 0:00
M00486,2023-09-26 0:00,Referral,AI-LAUNCH,DE,,,741144,16649,,2023-09-26 0:00
M00454,,,,GB,EUR,2043.03,,,,2023-07-31 0:00
 M00902,03/25/2024,,BF2024,US-West,CAD,7995.73,,8642,,2024-03-25 0:00
M00538,2024-08-28 0:00,Partner,,,GBP,16456.91,,,,2024-08-28 0:00
M00025,,Content,SPRING24,BR,usd,7239.71,457974,,583,2023-04-21 0:00
M00781,2023-06-30 0:00,Organic,,AU,,1606.02,,11717,,2023-06-30 0:00
M00782,2024-08-31 0:00,Webinar,WINTER25,US,EUR,19451.21,,,,2024-08-31 0:00
M00394,2024-03-27 0:00,Outbound,Q3_PROMO,AU,usd,16378.4,,,,2024-03-27 0:00
M01096,2024-04-12 0:00,Social,,US-West,EUR,5595.53,524643,,,2024-04-12 0:00
M00653,2024-06-13 0:00,Organic,SUMMER24,US-East,USD,19215.22,580791,,,2024-06-13 0:00
M01193,2024-08-26,Content,BF2024,CA,CAD,N/A,,,,2024-08-26 0:00
M01149,2023-05-15 0:00,Outbound,SPRING24,DE,USD,16533.56,348733,10374,382,2023-05-15 0:00
M00707,2025-03-30,Outbound,WINTER25,US-East,,3031.81,,,,2025-03-30 0:00
M00371,03/01/2025,Social,SUMMER24,GB,,3060.35,297906,,,2025-03-01 0:00
M00443,,Social,SUMMER24,,EUR,15413.99,,,485,2025-06-13 0:00
M00619,01/20/2023,Referral,,FR,EUR,5090.33,860109,,,2023-01-20 0:00
M01048,09/28/2024,Outbound,N/A,AU,EUR,18288.51,,,340,2024-09-28 0:00
M00914,2023-02-17,Partner,BF2024,,,7988.57,582459,,,2023-02-17 0:00
M00432,,PAID SEARCH,,GB,EUR,510.43,645290,18292,,2023-06-23 0:00
M00153,2025-05-26,Referral,N/A,US,EUR,,,,293,2025-05-26 0:00
M00750,11/09/2024,Paid Search,SPRING24,,CAD,17244.67,,816,200,2024-11-09 0:00
M00468,,Webinar,SUMMER24,,,13753.53,,,,2025-05-03 0:00
 M00179,2025-03-05 0:00,Content,BF2024,US,usd,10314.89,780020,,,2025-03-05 0:00
M00552,,Social,N/A,US,GBP,6409.39,,,,2023-09-29 0:00
M00044,2024-01-19 0:00,PAID SEARCH,N/A,DE,EUR,13435.27,,,551,2024-01-19 0:00
M00402,2024-10-09 0:00,Partner,,AU,CAD,17617.95,514511,,,2024-10-09 0:00
M00051,2023-07-02 0:00,,Q3_PROMO,AU,,1627.27,,,245,2023-07-02 0:00
M00336,2025-06-12 0:00,,N/A,GB,USD,,,9695,,2025-06-12 0:00
M00041,2025-04-02 0:00,Social,SUMMER24,,,16197.1,,,396,2025-04-02 0:00
M00592,,Paid Search,,BR,GBP,5234.04,354636,,,2023-11-02 0:00
M00373,04/05/2025,Paid Search,SPRING24,DE,GBP,,,,,2025-04-05 0:00
M00332,2024-09-30,Content,,AU,,4547.82,,,,2024-09-30 0:00
M00318,2025-06-08 0:00,Partner,N/A,,,15487.95,,11004,525,2025-06-08 0:00
M00557,01/23/2023,Webinar,SUMMER24,DE,,418.52,,,68,2023-01-23 0:00
M00266,2024-11-08 0:00,,,US-West,USD,13520.54,,10571,,2024-11-08 0:00
M01018,2025-06-18,Referral,N/A,DE,,3127.98,,11668,,2025-06-18 0:00
M00649,01/16/2025,Content,,BR,CAD,12878.51,,,,2025-01-16 0:00
M00038,,Webinar,Q3_PROMO,FR,,771.78,,440,,2023-03-24 0:00
M00645,2024-08-03 0:00,Paid Search,BF2024,DE,,3178.94,,12589,,2024-08-03 0:00
M00302,2025-02-13,Partner,RETARGET1,US,USD,16340.75,425243,,,2025-02-13 0:00
M01119,,,AI-LAUNCH,US-West,GBP,15726.52,14262,12490,500,2023-10-06 0:00
M01055,,,,,GBP,5272.73,,10279,,2024-06-14 0:00
M00932,12/26/2023,Referral,RETARGET1,,EUR,2718.32,,,,2023-12-26 0:00
M01010,2024-06-03,Social,N/A,DE,,13547.13,,,494,2024-06-03 0:00
M00909,2024-02-25,Paid Search,SPRING24,US-West,,577.74,,16211,,2024-02-25 0:00
M00128,,,RETARGET1,US-West,EUR,4632.62,,,450,2023-11-17 0:00
M00463,2024-11-08,PAID SEARCH,AI-LAUNCH,AU,GBP,19058.11,,,,2024-11-08 0:00
M00581,2024-08-11,,SUMMER24,,GBP,8186.11,,,,2024-08-11 0:00
M00379,,Social,SUMMER24,US-East,,16479.2,,,,2024-10-28 0:00
M00035,,Referral,,GB,,12603.83,,,,2024-08-11 0:00
M00524,2023-12-31 0:00,Paid Search,SPRING24,US-West,USD,7371.47,157614,,,2023-12-31 0:00
M00298,2024-04-05,Outbound,BF2024,DE,USD,3508.57,,16850,328,2024-04-05 0:00
M01178,2024-09-02 0:00,Webinar,AI-LAUNCH,IN,usd,15906.69,584080,,,2024-09-02 0:00
M00268,,Organic,N/A,US,CAD,5385.61,,18430,43,2025-04-26 0:00
M01017,,,BF2024,AU,USD,7375.68,472747,,,2023-07-18 0:00
M00880,,Webinar,SPRING24,IN,EUR,,,,144,2024-03-30 0:00
M00842,,Referral,BF2024,IN,,3251.09,,6867,,2023-09-16 0:00
M00540,,Partner,,,EUR,3846.82,,,,2025-03-27 0:00
M01011,03/10/2024,Organic,AI-LAUNCH,BR,USD,11065.86,,,,2024-03-10 0:00
M00452,06/18/2023,Organic,WINTER25,AU,,5123.1,,,,2023-06-18 0:00
M00603,,,N/A,BR,,3806.08,,,,2025-04-17 0:00
M00409,2023-01-26 0:00,Content,,IN,usd,5625.27,644511,,33,2023-01-26 0:00
M01163,2024-03-15 0:00,Organic,Q3_PROMO,US-East,EUR,19234.76,374400,,,2024-03-15 0:00
M00368,11/13/2024,Social,SPRING24,AU,usd,16979.33,790506,2550,,2024-11-13 0:00
M00681,,,BF2024,FR,CAD,15532.69,623123,,,2024-11-08 0:00
M00517,08/30/2024,PAID SEARCH,N/A,IN,,6787.35,216677,10658,559,2024-08-30 0:00
M01035,2023-09-06 0:00,,,US,,4515.63,380843,,,2023-09-06 0:00
M00845,10/29/2024,Outbound,Q3_PROMO,DE,,3795.61,643820,,,2024-10-29 0:00
M00485,10/11/2024,Paid Search,AI-LAUNCH,BR,GBP,4124.09,254532,,,2024-10-11 0:00
M00081,2023-03-21,Partner,SPRING24,AU,EUR,17986.14,709895,12590,353,2023-03-21 0:00
M00447,2023-04-24,Partner,,US,usd,5112.73,402999,14792,,2023-04-24 0:00
M00101,2025-04-12 0:00,,RETARGET1,US,GBP,13920.18,,,,2025-04-12 0:00
M00167,2025-03-23,Webinar,WINTER25,US-East,CAD,18926.03,341705,,,2025-03-23 0:00
M00072,,PAID SEARCH,RETARGET1,,GBP,570.75,565252,,,2024-11-02 0:00
M00053,2025-05-04,,,IN,CAD,19287.7,214164,,,2025-05-04 0:00
M00541,06/03/2024,Outbound,Q3_PROMO,FR,EUR,17836.94,632736,,,2024-06-03 0:00
M00612,2023-09-23,Referral,AI-LAUNCH,GB,EUR,2310.33,560002,1955,,2023-09-23 0:00
M00544,2023-05-03,,BF2024,GB,,19126.26,,,,2023-05-03 0:00
M01093,2023-05-19,PAID SEARCH,,,,7297.16,,,,2023-05-19 0:00
M01069,2023-11-25,,BF2024,DE,,N/A,385739,,,2023-11-25 0:00
M01063,2023-01-24,Paid Search,Q3_PROMO,US-West,CAD,9696.05,67106,,,2023-01-24 0:00
M00716,,Social,RETARGET1,,,5841.78,,,,2023-11-22 0:00
M01081,10/10/2024,Social,Q3_PROMO,US-West,EUR,17332.85,469894,,,2024-10-10 0:00
M01145,02/27/2023,Organic,RETARGET1,IN,EUR,4978.09,,,524,2023-02-27 0:00
M00661,,,Q3_PROMO,US-West,GBP,6985.82,559512,,,2025-04-29 0:00
M00172,2024-05-09 0:00,,RETARGET1,US-East,USD,10786.95,,,,2024-05-09 0:00
M00739,,Referral,SUMMER24,AU,usd,,,2497,,2023-11-30 0:00
M00093,,PAID SEARCH,N/A,US-West,CAD,10297.57,,,,2025-06-01 0:00
M00816,2023-03-10,Webinar,SPRING24,IN,,2666.88,,,,2023-03-10 0:00
M00680,2023-04-15 0:00,Content,AI-LAUNCH,CA,USD,19765.38,,16986,285,2023-04-15 0:00
M00129,,Webinar,WINTER25,US,,10492.57,347791,13740,,2023-07-13 0:00
M00226,2024-09-10 0:00,,BF2024,GB,CAD,6143.5,160620,,156,2024-09-10 0:00
M00759,03/09/2024,Paid Search,SPRING24,AU,usd,1834.42,,13855,206,2024-03-09 0:00
M00563,2025-04-13,Outbound,BF2024,AU,usd,5048,,,582,2025-04-13 0:00
M00788,2023-11-07,Referral,N/A,,GBP,17556.12,349915,,,2023-11-07 0:00
M00316,2024-09-19 0:00,Organic,AI-LAUNCH,FR,,3609.78,336562,13485,,2024-09-19 0:00
M00776,09/21/2024,Partner,SUMMER24,US-East,,12009.02,,11612,,2024-09-21 0:00
M01076,05/03/2025,Content,BF2024,US,USD,N/A,,11206,70,2025-05-03 0:00
M00965,03/04/2023,Partner,,CA,,15653.95,425773,9037,408,2023-03-04 0:00
M00427,,PAID SEARCH,RETARGET1,BR,,10232.78,732608,,,2025-02-12 0:00
M00698,2023-02-09,Webinar,AI-LAUNCH,US-West,,6546.59,,,36,2023-02-09 0:00
M00390,2025-03-26,Outbound,,US,,10119.58,,,,2025-03-26 0:00
M00092,2023-01-23 0:00,Partner,SPRING24,DE,GBP,11838.45,239744,,25,2023-01-23 0:00
M00239,2023-10-10,,AI-LAUNCH,,GBP,12527.84,209790,10788,,2023-10-10 0:00
M00206,,Partner,WINTER25,,USD,19460.22,541462,,,2024-08-08 0:00
M00314,2023-08-29,,,CA,,19477.65,,,,2023-08-29 0:00
M00503,2024-03-09 0:00,,RETARGET1,US,,9010.9,698244,,,2024-03-09 0:00
M00805,04/12/2023,Social,BF2024,AU,CAD,4546.17,,,,2023-04-12 0:00
M01153,2024-12-03 0:00,Partner,N/A,GB,GBP,1563.69,395664,,215,2024-12-03 0:00
M00276,2023-01-30 0:00,PAID SEARCH,SUMMER24,CA,,4851.22,,8649,,2023-01-30 0:00
M00532,2024-01-28,,N/A,,,6845.92,746753,,,2024-01-28 0:00
M00609,,Content,,FR,,1559.25,,,,2024-04-14 0:00
M00811,2024-07-17,,RETARGET1,US,USD,8753.92,,1398,,2024-07-17 0:00
M00347,,Referral,BF2024,BR,,13620.57,,,65,2023-04-19 0:00
M01154,2023-08-09 0:00,Partner,WINTER25,IN,,19319.84,,13636,247,2023-08-09 0:00
M00515,05/09/2024,,Q3_PROMO,CA,USD,,,2526,,2024-05-09 0:00
M01129,2024-01-20,Content,SPRING24,FR,,8809.97,,18921,5,2024-01-20 0:00
M00633,2025-03-25 0:00,Referral,AI-LAUNCH,US-East,,8557.04,18143,15033,,2025-03-25 0:00
M00143,,Social,,FR,,4051.46,,3529,374,2024-06-24 0:00
M00479,2024-03-10,Referral,RETARGET1,US-West,GBP,15498.56,728698,,203,2024-03-10 0:00
M00827,11/07/2024,Organic,N/A,US,,10146.49,,12462,,2024-11-07 0:00
M00911,09/01/2023,Paid Search,AI-LAUNCH,,,10516.11,,,,2023-09-01 0:00
M00713,2024-07-01 0:00,Referral,SPRING24,GB,GBP,12723.97,,,,2024-07-01 0:00
M00567,03/15/2025,Organic,SPRING24,FR,CAD,2306.79,,,,2025-03-15 0:00
M00866,2024-06-22,Webinar,SUMMER24,DE,usd,17773.4,417336,,,2024-06-22 0:00
M01070,,,BF2024,IN,GBP,7358.67,,17140,,2024-09-26 0:00
M00450,2025-05-21 0:00,,SUMMER24,FR,,1444.42,,,317,2025-05-21 0:00
M00782,2025-03-25 0:00,Referral,SUMMER24,US-East,USD,7929.15,,419,,2025-03-25 0:00
M00649,,Content,SPRING24,DE,USD,,831125,,,2024-09-18 0:00
m00392,05/24/2025,Organic,Q3_PROMO,US-East,USD,7414.46,,,373,2025-05-24 0:00
M00282,2024-04-08 0:00,Referral,N/A,BR,,8395.99,275922,,,2024-04-08 0:00
M01065,03/15/2023,Referral,,,,510.98,584865,5716,10,2023-03-15 0:00
M00947,2023-10-19,Social,BF2024,US-East,usd,2348.58,,,,2023-10-19 0:00
M01186,2024-07-06,Referral,N/A,US-East,GBP,11677.42,,,100,2024-07-06 0:00
M01102,09/28/2023,Outbound,,US-West,USD,9413.61,456624,12562,,2023-09-28 0:00
M01044,,Paid Search,,US,GBP,9462.25,332733,,,2024-12-20 0:00
M00528,05/02/2023,,SPRING24,,USD,619.48,,12633,,2023-05-02 0:00
M00275,2023-08-14 0:00,Outbound,N/A,US,USD,18241.26,,12532,,2023-08-14 0:00
M00951,2025-03-10,Referral,,IN,GBP,1170.99,,8146,,2025-03-10 0:00
M00805,2025-01-21 0:00,Content,,AU,GBP,16335.13,149122,15959,,2025-01-21 0:00
M00686,2023-09-17 0:00,Referral,SUMMER24,DE,CAD,10228.32,,,,2023-09-17 0:00
M00458,,Referral,SPRING24,BR,CAD,343.51,,858,,2025-05-17 0:00
M00498,,Webinar,SPRING24,IN,,13247.71,,,338,2023-10-13 0:00
M01046,2023-06-09,PAID SEARCH,BF2024,US-East,,3631.38,582636,2058,,2023-06-09 0:00
M00146,2023-04-08 0:00,Referral,WINTER25,US-East,CAD,11848.84,,3252,165,2023-04-08 0:00
M00514,07/26/2024,,SPRING24,,,10494.23,856126,13945,423,2024-07-26 0:00
M00945,,Outbound,RETARGET1,US-East,CAD,9260.17,41486,19315,438,2024-10-23 0:00
M00970,2024-04-13,Outbound,N/A,AU,usd,10042.16,,13138,447,2024-04-13 0:00
M00696,2025-02-11 0:00,Organic,N/A,IN,,4934.45,,,,2025-02-11 0:00
M00045,2023-02-13,Referral,AI-LAUNCH,US-East,,19279.88,,,102,2023-02-13 0:00
M00647,,Content,Q3_PROMO,FR,CAD,1526.35,,,,2024-02-06 0:00
M00600,2024-04-28,Organic,,US-East,,18439.24,,2844,,2024-04-28 0:00
M00398,04/30/2024,PAID SEARCH,SPRING24,DE,usd,16962.13,,12310,,2024-04-30 0:00
M00029,2023-05-16 0:00,Content,Q3_PROMO,FR,CAD,9196.92,,5226,311,2023-05-16 0:00
M01096,2024-04-30 0:00,Partner,SUMMER24,DE,CAD,11886.7,443120,,34,2024-04-30 0:00
M00557,01/30/2025,Paid Search,AI-LAUNCH,US,GBP,19261.47,510198,,,2025-01-30 0:00
M00385,2024-10-11,Webinar,,IN,GBP,9137.05,,,,2024-10-11 0:00
M00897,2023-05-09 0:00,Organic,BF2024,BR,USD,12392.69,,,,2023-05-09 0:00
 M00159,2024-09-11,Content,RETARGET1,,usd,5612.14,,,,2024-09-11 0:00
m00086,2025-06-10 0:00,Partner,SUMMER24,AU,usd,11027.71,,,,2025-06-10 0:00
M00666,2023-01-06 0:00,,SPRING24,AU,GBP,3250.35,,,,2023-01-06 0:00
M01040,2025-04-04,Referral,N/A,GB,CAD,18960.36,20150,,,2025-04-04 0:00
M00831,2023-08-26,Paid Search,SPRING24,,GBP,13756.47,,,167,2023-08-26 0:00
M00343,,Organic,WINTER25,FR,GBP,6113.18,,,,2025-05-01 0:00
M00206,2024-03-17,Partner,,GB,,6789.84,193151,15662,66,2024-03-17 0:00
M01083,,,,BR,,9600.78,,19595,538,2023-05-29 0:00
M00753,12/21/2024,,Q3_PROMO,IN,USD,5506,,16501,,2024-12-21 0:00
M00023,12/10/2023,Partner,N/A,CA,CAD,12961.72,117576,9941,,2023-12-10 0:00
M00864,2024-03-28 0:00,Referral,,IN,USD,17113.12,394943,,,2024-03-28 0:00
M00123,,Paid Search,SPRING24,,EUR,15150.65,,,,2023-12-31 0:00
M00948,,Paid Search,BF2024,,,18841.05,91223,,,2023-10-21 0:00
M00153,,Referral,RETARGET1,BR,EUR,4259.89,,17415,124,2023-03-05 0:00
M00315,,Content,,,usd,19484.06,,,,2023-01-22 0:00
M01123,2023-09-13 0:00,Social,N/A,IN,GBP,19792.68,,,,2023-09-13 0:00
M00429,2023-01-11 0:00,Paid Search,SPRING24,CA,,10445.84,,,,2023-01-11 0:00
M00394,,,Q3_PROMO,US-West,GBP,19992.73,,,,2023-02-20 0:00
 M00243,10/17/2024,Webinar,,,USD,9474.58,472888,,79,2024-10-17 0:00
M00564,2023-02-25,Outbound,SUMMER24,,GBP,10996.7,,,,2023-02-25 0:00
M00529,,,,CA,usd,11502.78,427625,613,,2023-10-31 0:00
M00939,2025-04-17,Referral,WINTER25,IN,EUR,,,8119,120,2025-04-17 0:00
M00190,2024-02-02 0:00,Partner,AI-LAUNCH,AU,EUR,11982.37,,,,2024-02-02 0:00
M00983,12/07/2023,Paid Search,AI-LAUNCH,US-West,USD,12310.38,,,,2023-12-07 0:00
M00886,2025-01-06,Referral,SUMMER24,,GBP,N/A,881827,4999,454,2025-01-06 0:00
M00201,2024-01-20 0:00,Social,,,CAD,19300.82,,15739,491,2024-01-20 0:00
M00850,09/26/2024,,SPRING24,US-West,usd,1438.84,,,,2024-09-26 0:00
M00078,,Partner,,US,CAD,2014.91,648245,16784,,2024-12-23 0:00
M00371,2023-06-14 0:00,,Q3_PROMO,AU,,11091.67,,,,2023-06-14 0:00
M00632,,Organic,SPRING24,,,1425.74,,,,2024-01-01 0:00
M01019,,PAID SEARCH,BF2024,IN,,8507.14,,17350,,2024-12-02 0:00
M01130,2025-05-17 0:00,Partner,AI-LAUNCH,DE,,11025.51,673102,,,2025-05-17 0:00
m00054,,Outbound,SPRING24,,,5778.72,,,592,2023-01-19 0:00
M00177,2025-02-09,,N/A,DE,EUR,13481.81,,14852,,2025-02-09 0:00
M00856,,Referral,WINTER25,US,usd,19166.36,,,,2023-12-07 0:00
M01082,,Outbound,N/A,AU,,12908.84,,,333,2023-03-21 0:00
M01015,,Partner,N/A,BR,usd,12252.64,417541,10961,300,2023-10-03 0:00
M00791,,Social,,US-West,GBP,2877.36,,,152,2024-02-22 0:00
M00859,2024-03-24 0:00,Outbound,RETARGET1,BR,,17498.24,,11938,,2024-03-24 0:00
M00017,01/23/2023,Webinar,N/A,CA,usd,13990.33,247359,5172,,2023-01-23 0:00
M00839,2025-05-15,Outbound,,GB,EUR,18225.44,174966,,,2025-05-15 0:00
M00897,2023-09-21,Social,RETARGET1,FR,CAD,,,13625,326,2023-09-21 0:00
M00373,2023-10-09,PAID SEARCH,Q3_PROMO,CA,GBP,,,,,2023-10-09 0:00
M00175,,Paid Search,SUMMER24,GB,GBP,3668.46,,6496,,2023-11-29 0:00
M00424,2023-04-30,Organic,N/A,FR,CAD,17232.31,,,,2023-04-30 0:00
M00883,2023-08-08 0:00,PAID SEARCH,SUMMER24,BR,usd,12916.51,,11559,,2023-08-08 0:00
M00153,2024-10-08 0:00,Organic,SPRING24,IN,CAD,12384.15,169815,13219,,2024-10-08 0:00
M01166,02/02/2025,,,US,EUR,3132.25,,,,2025-02-02 0:00
M00515,,Social,RETARGET1,US,,12419.4,,,,2025-05-18 0:00
M00351,08/06/2024,Paid Search,BF2024,US-West,usd,11630.29,,,554,2024-08-06 0:00
M01075,,Organic,Q3_PROMO,US,GBP,13329.91,248535,,,2023-09-04 0:00
M00079,06/16/2025,Social,,US-East,usd,3891.68,,13697,,2025-06-16 0:00
M00891,2023-02-11 0:00,,SPRING24,GB,USD,9822.65,412064,,,2023-02-11 0:00
M00986,02/13/2025,,RETARGET1,US,GBP,10949,,,,2025-02-13 0:00
M00199,2023-12-02 0:00,Social,WINTER25,,usd,17624.78,764091,,,2023-12-02 0:00
M00866,2023-09-08,Social,BF2024,FR,,16225.85,94415,,,2023-09-08 0:00
M00230,05/10/2025,Organic,AI-LAUNCH,BR,USD,,854862,,,2025-05-10 0:00
M00748,09/19/2024,Partner,N/A,DE,,13533.63,,,534,2024-09-19 0:00
M00503,,Content,,GB,CAD,1297.33,,7823,584,2025-01-04 0:00
M00245,2024-03-08 0:00,Social,RETARGET1,US,usd,19622.01,856479,,,2024-03-08 0:00
M01112,2024-12-25 0:00,Content,BF2024,IN,USD,15252.42,,,,2024-12-25 0:00
M01134,08/05/2023,,SUMMER24,US-East,CAD,15960.53,,538,,2023-08-05 0:00
M00594,2025-01-21 0:00,Content,Q3_PROMO,US,CAD,8882.39,764359,,289,2025-01-21 0:00
M00798,2024-03-09,Partner,BF2024,US-East,CAD,13830.82,26998,25,,2024-03-09 0:00
M01199,2024-09-10,Referral,BF2024,,EUR,N/A,,5213,,2024-09-10 0:00
M00671,,Social,WINTER25,US-East,usd,1995.13,,,451,2023-12-08 0:00
M00924,,PAID SEARCH,SUMMER24,BR,EUR,6595.21,138358,,,2024-09-13 0:00
M01156,2023-07-11,Organic,,AU,,14868.74,,10359,296,2023-07-11 0:00
M00295,04/23/2025,Outbound,AI-LAUNCH,,,,,,,2025-04-23 0:00
M01104,2024-05-09,Referral,AI-LAUNCH,,GBP,953.1,,14179,,2024-05-09 0:00
M00713,2024-02-27,Paid Search,SPRING24,US,usd,13725.93,256498,,,2024-02-27 0:00
M00754,07/18/2024,,N/A,GB,EUR,3920.58,,,15,2024-07-18 0:00
M01142,2024-02-28,Paid Search,BF2024,CA,CAD,11160.48,,4363,,2024-02-28 0:00
M00686,,Social,SPRING24,IN,GBP,15973.99,,,,2023-04-04 0:00
M01190,,Referral,N/A,DE,USD,1848.8,711748,1261,301,2023-10-24 0:00
M00815,,Outbound,BF2024,US,,12680.29,,,,2023-11-02 0:00
M01108,2023-12-07,Webinar,AI-LAUNCH,BR,usd,6759.52,395002,,478,2023-12-07 0:00
M00801,07/23/2023,Content,WINTER25,FR,USD,6538.1,67221,,,2023-07-23 0:00
M00483,,,AI-LAUNCH,IN,EUR,1052.09,195522,,,2024-05-05 0:00
M01132,07/16/2023,Referral,AI-LAUNCH,DE,EUR,4892.75,,5783,,2023-07-16 0:00
M00214,,Paid Search,N/A,DE,USD,14932.11,,,,2024-04-09 0:00
 M00171,,Content,AI-LAUNCH,,usd,1993.2,,,,2024-09-10 0:00
M00816,,,SUMMER24,FR,EUR,5626.73,,,,2024-02-19 0:00
M00471,2024-09-23,Content,RETARGET1,FR,usd,11126.24,,,539,2024-09-23 0:00
M00447,2023-04-24,Partner,,US,usd,5112.73,402999,14792,,2023-04-24 0:00
M00835,12/27/2024,Content,BF2024,FR,CAD,9007.29,721250,1045,313,2024-12-27 0:00
M00438,10/03/2024,Referral,Q3_PROMO,CA,GBP,9730.62,,,,2024-10-03 0:00
M00111,,PAID SEARCH,AI-LAUNCH,FR,,9359.17,,12657,,2025-04-22 0:00
M00065,2025-05-18 0:00,PAID SEARCH,WINTER25,CA,,15202.94,674020,,,2025-05-18 0:00
M00630,2024-09-10,Organic,Q3_PROMO,AU,USD,,,,11,2024-09-10 0:00
m00877,,,,US-West,GBP,2169.82,,,,2024-09-09 0:00
M00177,02/15/2023,Outbound,BF2024,DE,GBP,,,16985,62,2023-02-15 0:00
M00173,2024-10-05,Partner,N/A,US-East,usd,5589.33,149542,,,2024-10-05 0:00
M00681,10/22/2024,Outbound,SUMMER24,AU,CAD,10862.45,449625,,565,2024-10-22 0:00
M00389,2024-04-04,,BF2024,IN,CAD,17222.18,67065,,,2024-04-04 0:00
M00482,,PAID SEARCH,,US-East,EUR,16042.18,,,,2024-03-11 0:00
M00281,2023-03-17 0:00,Webinar,WINTER25,GB,CAD,,129948,10085,513,2023-03-17 0:00
M01064,2023-01-27 0:00,PAID SEARCH,AI-LAUNCH,GB,EUR,881.24,,,286,2023-01-27 0:00
M01182,,Webinar,,BR,USD,8094.66,225034,,377,2023-02-25 0:00
M00285,2025-03-10,Content,,DE,CAD,N/A,,11395,,2025-03-10 0:00
M00813,2025-06-13 0:00,Outbound,BF2024,,,2863.16,,18345,,2025-06-13 0:00
M00030,09/22/2023,Social,Q3_PROMO,IN,,18863.11,611574,11888,,2023-09-22 0:00
M00149,06/19/2023,Webinar,,BR,,13436.59,,14535,,2023-06-19 0:00
M00616,2023-12-01 0:00,Outbound,WINTER25,IN,usd,7960.71,,,199,2023-12-01 0:00
M01186,2025-06-08,Partner,,US,,6344.7,,,257,2025-06-08 0:00
M00397,2023-05-03 0:00,Content,WINTER25,AU,usd,3239.77,,,39,2023-05-03 0:00
M00084,2023-03-30,Webinar,AI-LAUNCH,CA,,,,,157,2023-03-30 0:00
M00635,2023-05-24 0:00,Content,,DE,GBP,18087.78,124347,,,2023-05-24 0:00
M00968,,Content,Q3_PROMO,US,CAD,19750.65,415718,,,2023-03-08 0:00
M00070,2024-05-07 0:00,Referral,RETARGET1,AU,USD,19225.41,,,,2024-05-07 0:00
M00199,2024-09-30,Outbound,,DE,EUR,1540.86,101120,1056,224,2024-09-30 0:00
M00140,2024-11-09 0:00,Social,RETARGET1,FR,,9816.35,,,,2024-11-09 0:00
M00540,2024-12-29 0:00,PAID SEARCH,RETARGET1,GB,,3142.17,485144,16100,,2024-12-29 0:00
M00462,06/29/2024,Social,,US-East,,16909.48,,3265,375,2024-06-29 0:00
M01042,2025-02-24,Webinar,,US,,9612.7,,,109,2025-02-24 0:00
M00640,,Content,Q3_PROMO,,GBP,3728.75,862996,15810,,2023-08-15 0:00
M00820,,Outbound,RETARGET1,BR,CAD,18925.34,,,,2025-04-22 0:00
M01013,2025-06-03 0:00,Outbound,,US-East,EUR,2699.78,,,,2025-06-03 0:00
M00774,2024-10-05,Social,WINTER25,GB,,17645.31,31624,,576,2024-10-05 0:00
M00372,2024-06-18 0:00,PAID SEARCH,BF2024,AU,,14568.04,,,,2024-06-18 0:00
M00832,2023-06-20 0:00,,Q3_PROMO,US-East,GBP,7148.21,,,,2023-06-20 0:00
M00338,,Referral,,GB,EUR,6297.63,,16916,,2025-04-20 0:00
M00219,2023-04-05 0:00,Social,BF2024,,EUR,4413.91,846531,4716,,2023-04-05 0:00
M00906,2023-10-24,PAID SEARCH,SPRING24,BR,EUR,2062.08,,,357,2023-10-24 0:00
M01071,2024-11-10,Paid Search,BF2024,,usd,830.08,,,498,2024-11-10 0:00
M01174,02/27/2025,,,DE,GBP,11050.15,,,75,2025-02-27 0:00
M00869,2024-08-21,Organic,Q3_PROMO,FR,EUR,7811.47,,,,2024-08-21 0:00
M00813,2023-06-02,Outbound,SUMMER24,FR,,6879.01,,15235,,2023-06-02 0:00
M00070,2024-05-07 0:00,Referral,RETARGET1,AU,USD,19225.41,,,,2024-05-07 0:00
M00881,2024-07-17 0:00,Referral,Q3_PROMO,CA,,11243.11,,4819,111,2024-07-17 0:00
M01180,2023-11-15 0:00,Referral,,IN,,3852.7,,,580,2023-11-15 0:00
M00671,2024-05-04 0:00,Content,,,USD,10302.37,,,244,2024-05-04 0:00
M00692,05/11/2025,Social,Q3_PROMO,GB,usd,2314.06,,3334,,2025-05-11 0:00
M01135,09/28/2024,Webinar,RETARGET1,US,,3449.48,,,592,2024-09-28 0:00
M00350,2023-03-22,,SPRING24,US-West,,4281.12,,8738,,2023-03-22 0:00
M01039,2023-03-11 0:00,Content,N/A,BR,USD,6987.5,597934,,,2023-03-11 0:00
M00562,05/14/2025,Webinar,RETARGET1,IN,USD,7659.53,206050,,,2025-05-14 0:00
M01057,2024-07-08,Webinar,Q3_PROMO,DE,EUR,14570.52,574418,,,2024-07-08 0:00
M01182,,Outbound,RETARGET1,AU,usd,8642.55,,15215,,2025-01-29 0:00
M00368,11/13/2024,Social,SPRING24,AU,usd,16979.33,790506,2550,,2024-11-13 0:00
M00410,2024-09-22 0:00,Referral,N/A,IN,,9268.69,,,,2024-09-22 0:00
M00345,06/07/2025,Paid Search,WINTER25,AU,,12556.73,,14394,,2025-06-07 0:00
M00455,11/25/2023,Content,SUMMER24,IN,EUR,9833.44,,9205,,2023-11-25 0:00
M00063,2023-09-19,Webinar,SPRING24,US-East,GBP,12027.18,,,,2023-09-19 0:00
M00510,04/02/2024,Partner,,US-West,GBP,2893.65,811052,,382,2024-04-02 0:00
M00964,2023-03-08 0:00,Social,SUMMER24,GB,EUR,9230.39,,,292,2023-03-08 0:00
M00403,2024-10-11,Content,Q3_PROMO,CA,,13779.77,,,540,2024-10-11 0:00
M00218,2023-01-20 0:00,Referral,N/A,US-East,CAD,14828.97,407282,,148,2023-01-20 0:00
M00273,2024-04-30,,RETARGET1,,USD,3190.34,,3091,,2024-04-30 0:00
M00573,01/05/2024,Outbound,AI-LAUNCH,,CAD,15223.15,,,,2024-01-05 0:00
M00561,2024-08-16,Partner,AI-LAUNCH,AU,CAD,16019.99,228716,,447,2024-08-16 0:00
 M00232,2024-06-30,Webinar,AI-LAUNCH,DE,,10310.65,,,274,2024-06-30 0:00
M01094,2024-06-04 0:00,Paid Search,SPRING24,FR,,11786.11,,,,2024-06-04 0:00
M00868,2024-09-23,Webinar,SUMMER24,IN,CAD,5346.63,471701,,151,2024-09-23 0:00
M01008,2025-05-24,PAID SEARCH,SPRING24,FR,CAD,18929.21,,11434,,2025-05-24 0:00
M00810,,Paid Search,SUMMER24,IN,,3189.6,,,544,2024-03-26 0:00
M00351,08/06/2024,Paid Search,BF2024,US-West,usd,11630.29,,,554,2024-08-06 0:00
M00424,03/04/2025,Paid Search,Q3_PROMO,FR,,6907.26,,,,2025-03-04 0:00
M01135,2023-02-27 0:00,Outbound,Q3_PROMO,DE,,15461.06,,3056,,2023-02-27 0:00
M00086,2024-08-01,Partner,AI-LAUNCH,US-West,usd,1881.01,,,107,2024-08-01 0:00
M00210,2023-08-15 0:00,Paid Search,AI-LAUNCH,US,CAD,6884.46,,,,2023-08-15 0:00
M00621,2024-03-15,Organic,,IN,CAD,11261.17,57189,,,2024-03-15 0:00
M00590,,PAID SEARCH,,,CAD,11722.43,411725,,,2024-05-09 0:00
M00497,04/07/2024,,,,EUR,18662.52,,,,2024-04-07 0:00
M00430,06/22/2023,PAID SEARCH,SUMMER24,AU,EUR,17245.15,360420,17579,,2023-06-22 0:00
M01124,,PAID SEARCH,N/A,GB,CAD,6337.34,701561,,494,2024-10-03 0:00
M00480,2024-06-11 0:00,Social,WINTER25,AU,USD,12653.87,,,372,2024-06-11 0:00
M01056,2023-06-17,Content,Q3_PROMO,DE,CAD,1600.17,,,278,2023-06-17 0:00
M00467,2024-04-05 0:00,PAID SEARCH,SPRING24,,CAD,1365.71,,,464,2024-04-05 0:00
 M00543,07/05/2024,Social,AI-LAUNCH,US,,9881.33,,,,2024-07-05 0:00
M00675,,Partner,BF2024,,,16306.29,,14483,,2024-01-04 0:00
M00172,2025-02-25,,,US,USD,17124.14,,9524,,2025-02-25 0:00
M00598,11/06/2023,Organic,RETARGET1,US-East,,615.54,,,,2023-11-06 0:00
M00280,,Social,Q3_PROMO,CA,,16330.06,,5674,,2024-05-01 0:00
M00997,02/05/2024,Partner,,US-West,CAD,,,,,2024-02-05 0:00
M00659,2023-01-01 0:00,,WINTER25,GB,,16899.89,,3207,,2023-01-01 0:00
M00443,08/02/2024,Partner,SUMMER24,US,EUR,17110.75,,3587,547,2024-08-02 0:00
m01055,2023-10-19,PAID SEARCH,WINTER25,BR,usd,2327.83,,,,2023-10-19 0:00
M00035,2023-07-13 0:00,,N/A,US,usd,18734.51,,,,2023-07-13 0:00
M00086,2024-08-05 0:00,Social,Q3_PROMO,US-West,GBP,9618.89,298664,,,2024-08-05 0:00
M00306,2023-01-01 0:00,Content,BF2024,GB,,9061.5,,15765,,2023-01-01 0:00
M00572,2023-12-11 0:00,PAID SEARCH,Q3_PROMO,,usd,6601.66,,5835,,2023-12-11 0:00
M00058,2023-09-14 0:00,,BF2024,AU,CAD,18364.63,,,,2023-09-14 0:00
M00258,2023-10-15 0:00,PAID SEARCH,SUMMER24,CA,,912.69,,,,2023-10-15 0:00
M00453,2025-01-01 0:00,,BF2024,GB,USD,1653.25,,,185,2025-01-01 0:00
M00509,2023-06-02,PAID SEARCH,SPRING24,,usd,7839.22,,5040,,2023-06-02 0:00
M00540,2024-04-17,Social,WINTER25,,USD,16436.39,,,,2024-04-17 0:00
M01105,2023-07-22 0:00,Webinar,,BR,USD,15792.41,,17808,,2023-07-22 0:00
M00548,2024-02-03 0:00,,WINTER25,AU,,17150.66,,,,2024-02-03 0:00
M00975,2024-05-12 0:00,Social,,DE,EUR,17335.97,,1800,,2024-05-12 0:00
M00719,2024-06-29 0:00,Outbound,Q3_PROMO,,,16667.63,360555,15481,,2024-06-29 0:00
M00424,2025-06-18,Organic,WINTER25,CA,USD,17176.95,278528,4376,412,2025-06-18 0:00
M00148,2024-07-18,,,GB,CAD,2469.68,,,,2024-07-18 0:00
M00129,06/08/2023,Referral,,US-East,USD,N/A,,14714,,2023-06-08 0:00
M00121,2023-01-15 0:00,,WINTER25,GB,GBP,5074.1,118885,,124,2023-01-15 0:00
M00473,2025-06-10 0:00,Paid Search,N/A,GB,CAD,10636.35,753075,,220,2025-06-10 0:00
M00079,2025-02-17 0:00,Organic,BF2024,BR,GBP,18664.81,,,,2025-02-17 0:00
M00232,2024-02-04 0:00,Outbound,,CA,USD,9867.74,,,,2024-02-04 0:00
M01120,04/09/2025,Organic,RETARGET1,,USD,13369.61,,,,2025-04-09 0:00
M00875,2025-04-11,Organic,RETARGET1,CA,CAD,,,,593,2025-04-11 0:00
M00081,03/06/2024,Social,N/A,DE,usd,16316.65,795471,,68,2024-03-06 0:00
M01093,05/18/2025,Content,,US-West,,5855,74818,,,2025-05-18 0:00
M01126,03/29/2025,Paid Search,,US-East,EUR,1310.49,896601,,408,2025-03-29 0:00
M00931,2025-01-19,Webinar,AI-LAUNCH,CA,USD,9670.26,191729,,,2025-01-19 0:00
M00158,,Referral,Q3_PROMO,AU,usd,7660.36,207234,,,2023-04-09 0:00
M00623,,,AI-LAUNCH,CA,,17392.74,,,,2024-02-28 0:00
M00952,2023-06-15 0:00,,AI-LAUNCH,AU,EUR,15786.13,,,359,2023-06-15 0:00
M00351,,Paid Search,RETARGET1,US,usd,16365.27,,,,2024-03-14 0:00
M01003,2024-02-12 0:00,Paid Search,SUMMER24,US-West,USD,,,,,2024-02-12 0:00
M00795,2023-04-21 0:00,Social,SPRING24,IN,GBP,2592.19,462660,17313,,2023-04-21 0:00
M00528,2023-11-16 0:00,Webinar,SPRING24,US-East,CAD,1133.35,,19257,428,2023-11-16 0:00
M00373,04/05/2025,Paid Search,SPRING24,DE,GBP,,,,,2025-04-05 0:00
M01162,03/15/2023,PAID SEARCH,RETARGET1,GB,USD,,793100,,,2023-03-15 0:00
M00754,,Partner,N/A,IN,GBP,4822.91,,,,2024-09-25 0:00
M00765,,Paid Search,AI-LAUNCH,US-East,GBP,15685.41,,,192,2024-11-30 0:00
 M01163,01/30/2024,Content,RETARGET1,FR,USD,13937.56,,3335,,2024-01-30 0:00
M00845,2023-08-18 0:00,Content,BF2024,US-West,EUR,1677.64,556826,4371,96,2023-08-18 0:00
M01189,,Social,N/A,US,usd,4323.79,162326,17857,,2025-01-20 0:00
M01017,,Webinar,,US-East,USD,7986.46,609601,,,2024-03-16 0:00
M00844,09/08/2023,Content,RETARGET1,DE,usd,18284.94,885543,,,2023-09-08 0:00
M01031,,,N/A,FR,,7994.13,208279,,,2024-01-25 0:00
M00501,,Content,,FR,,18468.35,174837,,547,2024-09-22 0:00
M01017,,,BF2024,AU,USD,7375.68,472747,,,2023-07-18 0:00
M00736,06/11/2024,Paid Search,N/A,,,3500.24,272277,,,2024-06-11 0:00
M00660,2023-01-31,Outbound,RETARGET1,BR,CAD,19557,,,,2023-01-31 0:00
M00409,2023-03-25,Partner,WINTER25,,,N/A,4352,,,2023-03-25 0:00
M01078,2024-03-30 0:00,Social,N/A,US,USD,240.27,,,,2024-03-30 0:00
M00145,2024-06-30 0:00,Organic,,CA,EUR,14009.51,,4726,,2024-06-30 0:00
M01036,2025-05-02,Partner,AI-LAUNCH,DE,GBP,3583.23,,,,2025-05-02 0:00
M00383,01/21/2024,Paid Search,WINTER25,FR,GBP,11172.9,681767,16602,,2024-01-21 0:00
M00810,,Organic,WINTER25,AU,usd,4821.11,,5144,280,2024-11-18 0:00
M00852,,Organic,RETARGET1,DE,,2674.15,,,388,2024-01-31 0:00
M01034,2025-04-19 0:00,Paid Search,AI-LAUNCH,US-West,usd,13750.56,,,,2025-04-19 0:00
M00408,2024-10-30,PAID SEARCH,SUMMER24,FR,GBP,N/A,686341,8150,151,2024-10-30 0:00
M00058,,PAID SEARCH,BF2024,AU,USD,18556.31,,,,2024-08-03 0:00
M00512,2025-03-21 0:00,Content,BF2024,US-West,CAD,17644.56,543962,,201,2025-03-21 0:00
M00818,05/23/2025,PAID SEARCH,RETARGET1,FR,usd,16430.46,38825,3034,,2025-05-23 0:00
M00255,11/02/2024,,BF2024,,usd,11743.04,,,560,2024-11-02 0:00
M00589,2023-05-06,Social,Q3_PROMO,GB,GBP,765.63,451980,,417,2023-05-06 0:00
M00505,12/26/2024,Webinar,,DE,,15534.92,,,163,2024-12-26 0:00
m00130,2024-07-30 0:00,,Q3_PROMO,,GBP,19179.83,,3376,,2024-07-30 0:00
M00339,2024-02-02,Social,Q3_PROMO,BR,,N/A,434623,2545,501,2024-02-02 0:00
M00261,,Outbound,WINTER25,DE,GBP,,,,,2025-02-10 0:00
M01065,2024-06-01,Partner,N/A,IN,,7001.53,77282,,,2024-06-01 0:00
M00159,2023-11-24 0:00,Outbound,N/A,BR,USD,11530.3,417041,8520,186,2023-11-24 0:00
M00564,2024-04-08,Webinar,SPRING24,IN,GBP,,,,,2024-04-08 0:00
M00911,2025-03-18 0:00,Content,WINTER25,FR,,12534.19,,,,2025-03-18 0:00
M00912,2023-11-08 0:00,Partner,SUMMER24,FR,,19691.89,457624,,91,2023-11-08 0:00
M01106,02/25/2025,Social,Q3_PROMO,US,,4669.1,105449,,,2025-02-25 0:00
M00124,02/08/2025,Outbound,N/A,US-West,CAD,11365.12,146199,,,2025-02-08 0:00
M00262,2024-04-14 0:00,,AI-LAUNCH,AU,USD,,,,,2024-04-14 0:00
M00563,,Organic,WINTER25,AU,usd,8807.73,,17073,575,2024-11-30 0:00
M00172,2025-02-25,,,US,USD,17124.14,,9524,,2025-02-25 0:00
m00490,04/21/2023,Paid Search,,,usd,3222.2,808178,12382,493,2023-04-21 0:00
M01046,03/27/2023,,AI-LAUNCH,AU,EUR,5774.24,,,,2023-03-27 0:00
M00073,,Social,,,EUR,16162.75,,3857,,2023-01-05 0:00
m00465,08/18/2023,PAID SEARCH,AI-LAUNCH,US-East,USD,13977.51,,,263,2023-08-18 0:00
M01148,2024-10-23 0:00,Outbound,RETARGET1,US,USD,12397.95,,,,2024-10-23 0:00
M00857,2023-08-06 0:00,Content,RETARGET1,,USD,17319.62,29634,,,2023-08-06 0:00
M00238,05/18/2023,Referral,BF2024,DE,EUR,9898.08,,5592,365,2023-05-18 0:00
M00920,2025-04-25 0:00,,N/A,AU,CAD,4063.64,,,,2025-04-25 0:00
m00978,09/06/2023,Outbound,BF2024,BR,,10796.06,,18600,,2023-09-06 0:00
M01160,2023-10-07,Referral,Q3_PROMO,,usd,9078.69,,,,2023-10-07 0:00
M00756,2024-04-04,,Q3_PROMO,US,GBP,5095.35,,11429,295,2024-04-04 0:00
M00134,2024-06-16 0:00,Social,,AU,EUR,8751.78,,,,2024-06-16 0:00
M00270,2024-11-05,Partner,AI-LAUNCH,GB,,3580.64,,,,2024-11-05 0:00
M00782,2024-08-31 0:00,Webinar,WINTER25,US,EUR,19451.21,,,,2024-08-31 0:00
M00333,,Content,Q3_PROMO,US-West,usd,15761.33,,,,2025-01-06 0:00
M00430,2024-06-04,Content,AI-LAUNCH,GB,EUR,4017.85,228315,,38,2024-06-04 0:00
M00400,2024-04-14,Social,SPRING24,DE,USD,13875.31,,2827,,2024-04-14 0:00
M01038,2025-03-23,Social,BF2024,BR,usd,17949.96,884384,,,2025-03-23 0:00
M00313,,,AI-LAUNCH,US-East,EUR,9926.09,111245,,423,2023-07-21 0:00
M00329,01/22/2024,PAID SEARCH,N/A,CA,USD,18936.38,,18636,,2024-01-22 0:00
M00850,2024-02-06,,WINTER25,US,USD,,,,341,2024-02-06 0:00
M00856,2024-01-02 0:00,Partner,,US-East,,989.13,,4505,569,2024-01-02 0:00
M00313,02/12/2025,Referral,SUMMER24,US,,13196.03,,2044,,2025-02-12 0:00
M00558,2025-04-29 0:00,Organic,WINTER25,FR,usd,18099.41,,18128,,2025-04-29 0:00
M00918,2023-01-13,Partner,Q3_PROMO,US-West,,13529.68,,,,2023-01-13 0:00
M00248,,,SUMMER24,,USD,19900.22,897148,,,2024-08-31 0:00
M01199,,Content,N/A,GB,CAD,6359.15,31152,,263,2024-07-11 0:00
m00576,2025-04-06 0:00,Social,SPRING24,DE,USD,18833.1,65473,15526,,2025-04-06 0:00
M00688,2023-02-24 0:00,Webinar,Q3_PROMO,,EUR,5724.21,,15888,,2023-02-24 0:00
M00839,,,SPRING24,BR,EUR,,,16688,,2025-04-27 0:00
M01013,2023-05-16 0:00,Referral,RETARGET1,FR,EUR,4454.15,324837,,16,2023-05-16 0:00
M00145,2023-09-10,Organic,SUMMER24,BR,usd,5645.09,678859,,,2023-09-10 0:00
M00502,2025-04-23,,SPRING24,,USD,225.05,,13423,,2025-04-23 0:00
M00781,2024-04-11 0:00,Partner,SUMMER24,,GBP,17117.6,387908,,,2024-04-11 0:00
M00830,2025-06-05,Paid Search,,,EUR,4819.51,898562,14917,,2025-06-05 0:00
M00059,2023-01-07 0:00,Paid Search,Q3_PROMO,DE,EUR,18308.17,,8243,,2023-01-07 0:00
M01138,2023-01-20,Referral,BF2024,US-West,USD,15141.92,,3180,173,2023-01-20 0:00
M00698,2024-05-13 0:00,Social,BF2024,,,13776.13,,,,2024-05-13 0:00
M00687,2025-03-05,Webinar,BF2024,,,17464.03,,17436,411,2025-03-05 0:00
M00758,03/29/2025,Organic,RETARGET1,US,usd,,155775,,,2025-03-29 0:00
m00494,06/09/2023,Partner,AI-LAUNCH,US-West,,7911.09,,17965,590,2023-06-09 0:00
M01081,02/13/2025,Organic,,DE,,1350.75,,,320,2025-02-13 0:00
M00874,06/27/2024,Content,SPRING24,FR,usd,4276.47,,12787,463,2024-06-27 0:00
M00361,2024-11-25,Webinar,RETARGET1,,USD,5183.61,,,,2024-11-25 0:00
M01000,,Webinar,BF2024,,,18184.31,,2509,,2025-02-20 0:00
M00941,,Webinar,BF2024,US-West,GBP,637.41,,,,2024-02-17 0:00
M00446,08/22/2024,,WINTER25,,,14698.76,77606,,,2024-08-22 0:00
M00995,2024-12-09,Organic,WINTER25,AU,CAD,8509.63,,,291,2024-12-09 0:00
m00608,,Webinar,Q3_PROMO,US-West,USD,16927.78,,,,2024-03-13 0:00
M00451,2023-07-22 0:00,Referral,BF2024,DE,,5280.83,,,,2023-07-22 0:00
M00114,2025-04-04 0:00,,,CA,usd,3822.24,354361,,,2025-04-04 0:00
M00751,,Outbound,WINTER25,IN,,18299.23,873090,,,2023-05-20 0:00
M00539,01/08/2025,PAID SEARCH,RETARGET1,,usd,5719.21,,916,,2025-01-08 0:00
m00424,2024-11-12 0:00,,AI-LAUNCH,AU,,15991.86,532282,,66,2024-11-12 0:00
M00623,,Webinar,N/A,US,EUR,7904.03,,7491,509,2023-12-10 0:00
M01152,,Content,BF2024,,USD,8247.12,,19465,354,2023-12-18 0:00
M00681,2023-04-14,Webinar,SPRING24,DE,usd,10427.32,,,,2023-04-14 0:00
M01007,06/03/2024,,SPRING24,US-East,EUR,4489.7,,,218,2024-06-03 0:00
M00307,2024-04-26,Social,,US,usd,6706.17,865255,,591,2024-04-26 0:00
M00503,,Paid Search,,,,,,,,2023-03-01 0:00
M00535,2024-06-02 0:00,,SPRING24,BR,CAD,16687.57,643163,,460,2024-06-02 0:00
M00845,,Organic,BF2024,US-East,EUR,18643.23,525624,,,2024-07-21 0:00
M00578,2023-06-16 0:00,Partner,RETARGET1,US-West,,3878.1,418738,,183,2023-06-16 0:00
M00132,2023-07-19 0:00,Social,RETARGET1,AU,,15090.7,196903,,5,2023-07-19 0:00
M00465,2025-05-06 0:00,Paid Search,,BR,,11582.48,,,90,2025-05-06 0:00
M00493,2025-04-25,Outbound,Q3_PROMO,US-East,usd,,,,,2025-04-25 0:00
M00631,2024-01-24 0:00,,BF2024,DE,,7589.38,,,,2024-01-24 0:00
M00276,09/30/2023,Partner,SPRING24,IN,EUR,13690.63,705634,,,2023-09-30 0:00
M00699,,Partner,,FR,CAD,,,8688,,2024-10-29 0:00
M00064,2024-08-15,Paid Search,N/A,DE,USD,5869.43,445045,,,2024-08-15 0:00
m00763,03/03/2023,Webinar,WINTER25,FR,USD,17755.48,,11757,,2023-03-03 0:00
M00542,2023-10-01 0:00,,SPRING24,FR,GBP,18849.14,,18517,,2023-10-01 0:00
M00699,2023-09-07 0:00,,WINTER25,IN,EUR,6672.64,,,,2023-09-07 0:00
M01046,2023-08-07 0:00,Paid Search,SPRING24,US-East,,N/A,342276,4868,,2023-08-07 0:00
M00582,05/17/2024,Webinar,,IN,usd,N/A,280892,,,2024-05-17 0:00
M00943,2025-04-05,Partner,AI-LAUNCH,US,usd,19443.79,,,,2025-04-05 0:00
M00723,2024-12-17 0:00,,WINTER25,,,,,,,2024-12-17 0:00
M00821,01/10/2025,,Q3_PROMO,CA,CAD,14464.96,273892,5039,,2025-01-10 0:00
M00976,2023-10-31,Webinar,,FR,,16609.99,,,,2023-10-31 0:00
 M01024,2023-12-24,Social,BF2024,US-West,CAD,18491.39,,,530,2023-12-24 0:00
M00328,2023-04-21 0:00,Partner,,US,GBP,7740.78,,,,2023-04-21 0:00
M00361,2023-01-16 0:00,Partner,AI-LAUNCH,CA,,1416.98,871639,1405,,2023-01-16 0:00
M00958,2024-11-23 0:00,PAID SEARCH,Q3_PROMO,AU,GBP,6138.01,,3413,546,2024-11-23 0:00
M00164,10/21/2024,,AI-LAUNCH,FR,EUR,11181.01,,,,2024-10-21 0:00
M00065,2025-04-02,Partner,BF2024,US-East,,4071.31,,9604,,2025-04-02 0:00
M00934,2023-10-20 0:00,,Q3_PROMO,US-West,CAD,2847.67,,,,2023-10-20 0:00
M00867,2023-07-25 0:00,Partner,SUMMER24,US,EUR,7997.42,,6666,,2023-07-25 0:00
M00848,2024-11-28,Webinar,,AU,,244.21,,4664,,2024-11-28 0:00
M01067,2024-08-31,Referral,,FR,EUR,11509.2,82990,,,2024-08-31 0:00
M01098,2024-07-01,Content,,IN,usd,1271.67,211774,17038,,2024-07-01 0:00
M00433,2023-07-26,,BF2024,CA,USD,767.34,,3122,423,2023-07-26 0:00
M00864,2025-01-09,PAID SEARCH,RETARGET1,,USD,7491.21,,,,2025-01-09 0:00
M00553,05/04/2023,Outbound,,US-East,EUR,5435.96,,,,2023-05-04 0:00
M00758,,Webinar,WINTER25,,,3587.95,,9026,420,2025-03-28 0:00
m00254,2025-04-09 0:00,Content,AI-LAUNCH,GB,USD,7279.54,114758,,,2025-04-09 0:00
M00535,04/05/2025,Paid Search,RETARGET1,FR,EUR,13729.11,,,,2025-04-05 0:00
M00805,2024-07-08 0:00,,N/A,,usd,7499.78,,3889,,2024-07-08 0:00
M00656,04/16/2023,Paid Search,N/A,US-East,EUR,5872.71,,,,2023-04-16 0:00
M00742,,Webinar,RETARGET1,US,USD,8448.04,,,250,2023-05-28 0:00
M00593,,Webinar,,US-West,,3954.29,,14406,,2024-04-14 0:00
M00701,2025-06-16,Content,,US,usd,5848.22,,16707,,2025-06-16 0:00
M00663,2024-09-26,Webinar,N/A,DE,usd,16770.26,387820,5324,,2024-09-26 0:00
M00605,02/24/2024,,,AU,usd,9767.97,,,,2024-02-24 0:00
M00016,2024-07-13,,RETARGET1,GB,,14627.79,,,414,2024-07-13 0:00
M00690,2023-09-06 0:00,,,US-West,EUR,3751.76,388163,,182,2023-09-06 0:00
M00974,2024-02-01,Paid Search,RETARGET1,US,CAD,18855.32,,,,2024-02-01 0:00
M00234,2025-01-19,Outbound,WINTER25,FR,,6963.23,,15322,186,2025-01-19 0:00
M00579,2024-05-25,Outbound,RETARGET1,FR,,409.6,553160,16366,,2024-05-25 0:00
M00729,2025-05-17 0:00,PAID SEARCH,AI-LAUNCH,GB,GBP,12741.78,,,,2025-05-17 0:00
M00079,2025-03-03 0:00,Referral,N/A,FR,EUR,13810.04,712223,3314,154,2025-03-03 0:00
M00281,,PAID SEARCH,Q3_PROMO,US-East,CAD,15517.14,,,,2025-04-19 0:00
M01136,2025-05-19,Content,RETARGET1,GB,USD,1000.7,,,66,2025-05-19 0:00
M00433,2025-06-02,,N/A,BR,GBP,4649.57,,,,2025-06-02 0:00
M00346,2024-01-24 0:00,Partner,Q3_PROMO,GB,usd,6531.66,,,,2024-01-24 0:00
M01110,07/30/2023,,SUMMER24,,usd,19651.61,270779,,,2023-07-30 0:00
m00285,2023-06-17,Partner,N/A,BR,USD,15578.33,,,161,2023-06-17 0:00
M00630,2025-03-28 0:00,Webinar,Q3_PROMO,US,,10580.95,587818,3550,,2025-03-28 0:00
M00765,,Organic,AI-LAUNCH,IN,CAD,14581.37,,,,2024-02-21 0:00
m01125,2023-07-20,Partner,WINTER25,US-West,EUR,,482670,4182,,2023-07-20 0:00
M00705,2023-05-19 0:00,Webinar,AI-LAUNCH,DE,EUR,,,18864,,2023-05-19 0:00
M00438,,,N/A,,GBP,10451.77,,,,2025-01-03 0:00
M01083,,Outbound,,US-West,USD,18885.45,,11376,115,2025-03-22 0:00
M00426,,,Q3_PROMO,IN,usd,4210.42,438175,,539,2024-12-18 0:00
M00693,2023-10-21,Social,SUMMER24,BR,CAD,10057.61,,,,2023-10-21 0:00
M01191,05/24/2023,PAID SEARCH,,,usd,19096.65,633634,,,2023-05-24 0:00
M00757,2024-02-08 0:00,Content,,CA,CAD,17805.73,,19188,,2024-02-08 0:00
M01102,,Referral,AI-LAUNCH,DE,CAD,7768,,9016,,2023-05-26 0:00
M00237,,PAID SEARCH,SPRING24,US,GBP,16942.62,,,,2024-12-17 0:00
M00204,2023-03-26 0:00,Content,BF2024,US-West,,5699.83,658468,,,2023-03-26 0:00
M00353,2024-11-04 0:00,Partner,RETARGET1,US-East,GBP,1917.64,,9507,,2024-11-04 0:00
M00966,,Content,,CA,CAD,12184.27,,3000,,2025-05-21 0:00
M00152,2025-03-12 0:00,Outbound,AI-LAUNCH,US-West,GBP,16987.33,,18472,,2025-03-12 0:00
M00114,2025-03-18,Outbound,BF2024,FR,EUR,4144.88,546754,19590,177,2025-03-18 0:00
M00146,01/03/2025,Content,N/A,,CAD,14364.36,297078,,,2025-01-03 0:00
M00301,2023-07-13 0:00,Outbound,SPRING24,,GBP,N/A,,,245,2023-07-13 0:00
M00965,2023-08-10,Referral,AI-LAUNCH,,USD,14085.32,,13240,236,2023-08-10 0:00
M01198,,Partner,SPRING24,US,CAD,14921.82,,,462,2024-12-01 0:00
M00197,11/30/2023,Referral,AI-LAUNCH,GB,GBP,,225924,,532,2023-11-30 0:00
M00121,,Webinar,,FR,,10506.77,,,,2023-11-02 0:00
M01024,2023-02-14,Content,SUMMER24,US-West,CAD,18981.12,,,,2023-02-14 0:00
M01031,,Outbound,SPRING24,,EUR,557,,,503,2025-03-01 0:00
M00676,,Webinar,SUMMER24,FR,USD,8459.9,620502,,33,2024-03-28 0:00
M00973,2023-02-20 0:00,Referral,RETARGET1,GB,GBP,16143.72,,4278,,2023-02-20 0:00
M00004,02/03/2025,PAID SEARCH,AI-LAUNCH,DE,EUR,1020.25,,,596,2025-02-03 0:00
M00935,,Paid Search,,FR,,15902.72,885164,,347,2024-08-04 0:00
M01023,2024-04-30,Referral,SPRING24,US-East,usd,1315.86,,5855,486,2024-04-30 0:00
M01011,,Social,SPRING24,CA,,507.05,,,,2023-06-14 0:00
M00467,2025-04-12,Content,RETARGET1,FR,EUR,17699.95,658128,,,2025-04-12 0:00
M00725,,Content,N/A,IN,EUR,14816.03,,,,2023-12-05 0:00
M00141,2024-07-04,,SUMMER24,US-East,,12319.86,,16669,360,2024-07-04 0:00
M00697,2023-04-07,Social,SUMMER24,US,USD,19004.83,833179,2096,26,2023-04-07 0:00
M00766,02/11/2023,Content,,,usd,11770.23,,,,2023-02-11 0:00
M00187,,Organic,BF2024,,,9549.28,,,,2023-06-10 0:00
M01086,2025-02-14,Organic,SUMMER24,US-West,EUR,9069.47,898847,,,2025-02-14 0:00
M00226,,Referral,SUMMER24,BR,EUR,,,,403,2024-12-10 0:00
M00239,2025-05-13 0:00,,,US-East,usd,6972.44,,,,2025-05-13 0:00
M01079,,Referral,Q3_PROMO,GB,EUR,9805.8,,,502,2023-03-14 0:00
 M00376,2024-02-05,Content,N/A,,USD,8729.08,830787,,49,2024-02-05 0:00
M00085,2023-05-01 0:00,Referral,Q3_PROMO,,CAD,17660.57,,,,2023-05-01 0:00
M00652,2023-09-17,Organic,AI-LAUNCH,,EUR,18579.75,323384,936,,2023-09-17 0:00
M00633,,PAID SEARCH,,DE,,5116.51,,,,2025-06-10 0:00
M00236,,PAID SEARCH,,CA,USD,2975.71,,2717,,2023-08-13 0:00
M00571,2023-10-09 0:00,,SUMMER24,US-East,CAD,19589.51,85640,,53,2023-10-09 0:00
M00616,2023-09-19,Referral,,IN,,16609.38,696077,16846,,2023-09-19 0:00
M00697,2024-02-15 0:00,Content,SUMMER24,FR,usd,7460.69,,,,2024-02-15 0:00
M00463,01/25/2024,,,,GBP,1139.75,,,,2024-01-25 0:00
M00741,2024-09-17 0:00,Partner,AI-LAUNCH,GB,usd,10961.96,,,592,2024-09-17 0:00
M00265,01/09/2024,Organic,SPRING24,US,USD,5491.87,,,,2024-01-09 0:00
M00849,2024-09-20,Paid Search,N/A,DE,USD,3204.01,,,,2024-09-20 0:00
M00861,2023-07-01,PAID SEARCH,,,,11979.93,,,,2023-07-01 0:00
M00026,03/15/2025,,,US-West,GBP,1174.98,,,,2025-03-15 0:00
M01173,2023-05-03 0:00,Social,RETARGET1,FR,,13430.62,,10037,330,2023-05-03 0:00
M00909,2024-07-31 0:00,Organic,SPRING24,AU,USD,1753.23,,,,2024-07-31 0:00
m00048,2023-07-09 0:00,Social,BF2024,IN,EUR,15537.98,,6874,517,2023-07-09 0:00
M01073,,Outbound,BF2024,GB,EUR,2324.7,869895,,,2025-04-12 0:00
M00818,2024-08-07 0:00,Organic,AI-LAUNCH,IN,,8576.23,,3810,,2024-08-07 0:00
M00621,,Partner,SUMMER24,CA,EUR,5219.7,,14244,,2025-02-05 0:00
M00285,2024-11-02 0:00,Outbound,Q3_PROMO,US-East,GBP,12720.61,,,,2024-11-02 0:00
M00575,2025-05-17 0:00,PAID SEARCH,N/A,FR,,12323.93,,,125,2025-05-17 0:00
M00749,2025-05-06 0:00,Outbound,BF2024,US-East,USD,3350.66,,,210,2025-05-06 0:00
M00113,2023-08-26 0:00,PAID SEARCH,RETARGET1,CA,,16382.74,,,534,2023-08-26 0:00
M00169,01/25/2025,,WINTER25,US-West,usd,13292.63,19480,,589,2025-01-25 0:00
M00765,,,AI-LAUNCH,GB,USD,,52867,,,2024-09-03 0:00
M00015,2025-02-09,,SPRING24,BR,CAD,10678.47,,13017,,2025-02-09 0:00
M00883,,Paid Search,WINTER25,CA,GBP,8117.77,,,,2024-10-26 0:00
M00616,2024-03-23,,,,GBP,17437.21,,,,2024-03-23 0:00
M00369,2024-04-29,,,DE,EUR,15033.98,,,124,2024-04-29 0:00
M01030,,PAID SEARCH,BF2024,CA,,10007.14,,,,2023-04-05 0:00
M00170,,Referral,WINTER25,FR,EUR,7668.08,,,424,2024-10-27 0:00
M00346,09/02/2023,,SPRING24,DE,USD,18823.47,,,443,2023-09-02 0:00
M00351,,,WINTER25,US-East,,13793.54,,,,2024-02-11 0:00
M01081,10/27/2024,Outbound,SPRING24,BR,,9356.85,,16522,,2024-10-27 0:00
M00929,,Social,Q3_PROMO,,EUR,827.3,,,98,2023-11-13 0:00
M00724,2024-12-14 0:00,Organic,SUMMER24,CA,,12623.36,784798,,444,2024-12-14 0:00
M00517,,Organic,N/A,US-East,GBP,488.81,343164,,,2023-01-07 0:00
M00297,2024-05-04,Referral,SUMMER24,,GBP,17981.89,,,,2024-05-04 0:00
M00627,2025-04-27,Referral,N/A,GB,,15920.09,,17703,,2025-04-27 0:00
M00238,,Webinar,AI-LAUNCH,GB,EUR,9869.38,,,,2023-07-24 0:00
M01082,04/08/2023,PAID SEARCH,Q3_PROMO,BR,,18419.26,776309,,,2023-04-08 0:00
M00390,2024-05-27,,WINTER25,,usd,10051.16,61812,,,2024-05-27 0:00
M00872,2024-06-23,Social,Q3_PROMO,CA,USD,2084.25,680837,594,,2024-06-23 0:00
M00795,,Referral,AI-LAUNCH,CA,,3988.42,,,,2023-07-05 0:00
M00846,2025-04-16,Referral,SUMMER24,AU,,1528.29,544785,,,2025-04-16 0:00
M00558,2023-08-08,Partner,,,CAD,7420.24,694379,,,2023-08-08 0:00
M01168,,Organic,RETARGET1,BR,GBP,9403.06,683743,12484,132,2024-09-04 0:00
M00554,04/20/2023,Outbound,RETARGET1,US-West,CAD,4472.82,,8429,,2023-04-20 0:00
m00293,,,Q3_PROMO,US,usd,15073.77,843500,17308,,2024-06-13 0:00
M00472,07/26/2023,Referral,,US-West,GBP,5242.03,,,280,2023-07-26 0:00
M00464,,,BF2024,GB,usd,2676.72,,,598,2024-04-13 0:00
M00270,05/05/2023,Outbound,Q3_PROMO,US-East,usd,5975.61,531630,303,,2023-05-05 0:00
M00897,2024-07-05 0:00,Organic,,AU,USD,17377.69,,1864,588,2024-07-05 0:00
M00007,2023-03-12 0:00,Content,WINTER25,GB,,17716.37,,5035,,2023-03-12 0:00
M00089,2025-05-31,Organic,,DE,USD,14035,,,2,2025-05-31 0:00
M00516,,PAID SEARCH,Q3_PROMO,US-West,EUR,16535.35,,6549,511,2023-07-27 0:00
M01045,2023-10-18 0:00,Content,AI-LAUNCH,US-West,,9456.37,,10139,69,2023-10-18 0:00
M00196,,Outbound,,,USD,15418.79,,,152,2023-07-31 0:00
M00532,2023-04-16 0:00,Social,Q3_PROMO,US-East,EUR,17330.86,244862,,,2023-04-16 0:00
M00731,2023-03-31 0:00,,,BR,GBP,16916.52,,,36,2023-03-31 0:00
M00824,2023-04-29 0:00,Social,RETARGET1,BR,,17020.86,,9391,507,2023-04-29 0:00
m00256,2023-08-22 0:00,Social,,,GBP,17103.13,,,287,2023-08-22 0:00
M00505,2024-03-02,,Q3_PROMO,DE,EUR,3525.54,,,,2024-03-02 0:00
M01180,2023-11-15 0:00,Referral,,IN,,3852.7,,,580,2023-11-15 0:00
M00038,01/31/2025,Referral,BF2024,US-East,GBP,13929.51,379626,,,2025-01-31 0:00
M01057,2023-08-21 0:00,PAID SEARCH,RETARGET1,GB,,16986.49,500009,6007,,2023-08-21 0:00
M00381,,Organic,WINTER25,,CAD,17477.84,,,,2023-12-11 0:00
M01198,2025-01-08,Outbound,RETARGET1,US,,12363.59,,,,2025-01-08 0:00
M00960,2024-02-01,Content,Q3_PROMO,BR,GBP,9008.89,,,,2024-02-01 0:00
M00014,2025-06-03,Social,SPRING24,AU,usd,13818.1,,,226,2025-06-03 0:00
M00040,2024-03-05 0:00,Outbound,Q3_PROMO,CA,USD,5554.55,336702,14274,,2024-03-05 0:00
M00702,2023-05-20 0:00,Organic,SPRING24,,GBP,14366.26,,,,2023-05-20 0:00
M00636,2023-02-03,Partner,SUMMER24,,CAD,18067.03,,,,2023-02-03 0:00
M00793,2025-06-07 0:00,PAID SEARCH,,BR,,5234.79,392831,11517,17,2025-06-07 0:00
M00564,2023-11-02 0:00,Referral,RETARGET1,BR,USD,4337.04,21287,14739,161,2023-11-02 0:00
M00564,2025-01-26,,WINTER25,CA,USD,13633.19,,,,2025-01-26 0:00
M00709,2023-07-24,,SUMMER24,,usd,347.54,,,,2023-07-24 0:00
M00318,2024-11-30,Social,N/A,,GBP,18099.29,,,,2024-11-30 0:00
M01020,2024-06-18,Content,,,USD,16152.25,207774,15203,,2024-06-18 0:00
M00904,,Social,AI-LAUNCH,US-East,,14628.94,887501,,,2024-05-04 0:00
M00921,,Outbound,BF2024,US-West,USD,9028.49,,8071,,2023-01-25 0:00
M01096,2025-06-12 0:00,Paid Search,SUMMER24,US-East,EUR,19518.26,,,,2025-06-12 0:00
M01163,2023-09-15 0:00,Content,RETARGET1,AU,,16728.24,19536,,,2023-09-15 0:00
M01082,2023-08-24,Content,N/A,,GBP,4023.92,,,,2023-08-24 0:00
M01118,11/27/2024,Outbound,Q3_PROMO,GB,,18624.53,,8582,,2024-11-27 0:00
M00622,2023-10-19 0:00,Content,SPRING24,US-East,EUR,2592.5,,5280,,2023-10-19 0:00
M00971,,Webinar,AI-LAUNCH,US-East,EUR,9880.13,461793,,,2024-05-05 0:00
M00469,2025-03-22 0:00,Outbound,,US-East,GBP,14971.87,,,,2025-03-22 0:00
M00673,07/21/2023,PAID SEARCH,SUMMER24,AU,USD,16825.51,178423,11404,,2023-07-21 0:00
M00460,2025-06-04,,BF2024,,,8843.68,,19758,,2025-06-04 0:00
M00071,2023-06-02,Referral,,US,,5216.29,86726,,,2023-06-02 0:00
M00057,2023-12-26 0:00,PAID SEARCH,WINTER25,,USD,1556.75,474326,13275,,2023-12-26 0:00
M01055,01/31/2025,Webinar,,CA,EUR,14232.75,,,383,2025-01-31 0:00
M01064,05/29/2024,Content,,US-West,EUR,17781.06,153402,5019,332,2024-05-29 0:00
M00010,10/23/2023,PAID SEARCH,,GB,CAD,19214.94,,,176,2023-10-23 0:00
M00504,2023-03-25,Outbound,RETARGET1,US-West,,,,,,2023-03-25 0:00
M00191,,Content,BF2024,US,CAD,17025.23,,17460,543,2025-01-20 0:00
m01069,,PAID SEARCH,AI-LAUNCH,GB,usd,N/A,107026,,,2025-06-16 0:00
M01082,,Organic,SPRING24,DE,GBP,9269.09,109392,19519,,2023-12-27 0:00
M00041,2024-02-20,Paid Search,,GB,GBP,17036.93,,,,2024-02-20 0:00
M00755,,Referral,N/A,IN,EUR,9139.56,,,,2024-11-30 0:00
M00056,,Referral,BF2024,CA,GBP,18027.86,438297,12372,,2023-05-09 0:00
M00882,,Paid Search,WINTER25,IN,CAD,3150.13,,16773,32,2023-05-29 0:00
M01028,,Social,N/A,,,5789.48,658758,,,2023-07-12 0:00
M01126,2025-06-04 0:00,,SUMMER24,DE,usd,14003.96,538495,,262,2025-06-04 0:00
M00830,,Organic,N/A,CA,,7393.68,361839,,,2025-05-15 0:00
M00310,,Webinar,WINTER25,CA,usd,,257331,7308,293,2024-04-25 0:00
M00686,,Social,SPRING24,IN,GBP,15973.99,,,,2023-04-04 0:00
M00616,,Social,BF2024,CA,,958.81,,,,2024-01-16 0:00
M00439,,Webinar,Q3_PROMO,US-East,EUR,10310.3,,,,2023-07-02 0:00
M00622,2024-07-13,,SPRING24,US-East,,8465.54,,,,2024-07-13 0:00
M00464,10/10/2023,Paid Search,AI-LAUNCH,US-East,USD,9212.31,,,,2023-10-10 0:00
M00124,2024-01-26 0:00,Paid Search,WINTER25,IN,EUR,15436.36,,5013,,2024-01-26 0:00
M00463,04/30/2024,Partner,N/A,GB,CAD,11056.49,490680,3027,110,2024-04-30 0:00
M00564,11/28/2024,Social,SUMMER24,AU,CAD,16433.95,706898,17011,300,2024-11-28 0:00
M00883,07/12/2024,Organic,SPRING24,,USD,12122.05,,14363,217,2024-07-12 0:00
M01193,,Content,Q3_PROMO,US,GBP,8741.87,,,,2025-03-14 0:00
M00385,2023-02-17 0:00,Social,AI-LAUNCH,AU,CAD,17667.6,,15518,220,2023-02-17 0:00
M00790,04/13/2023,Content,AI-LAUNCH,,usd,13165.44,365134,14938,,2023-04-13 0:00
M00139,06/09/2023,PAID SEARCH,,,,10356.47,,,,2023-06-09 0:00
M00133,2023-07-01,Social,Q3_PROMO,FR,EUR,6255.25,,,182,2023-07-01 0:00
M01068,2023-12-22,Outbound,BF2024,US,CAD,N/A,,,,2023-12-22 0:00
M00880,02/20/2023,Partner,AI-LAUNCH,US-West,,9318.75,,6950,,2023-02-20 0:00
M01061,,Referral,AI-LAUNCH,GB,USD,N/A,,6206,,2024-08-29 0:00
M00840,,Paid Search,WINTER25,US,,12891.62,768031,,,2023-02-05 0:00
M00042,,PAID SEARCH,,AU,GBP,8582.52,147793,,,2023-10-30 0:00
M00496,2023-05-31 0:00,Partner,BF2024,AU,GBP,8716.38,90985,5930,,2023-05-31 0:00
M00642,2023-01-17,Content,,IN,CAD,18514.28,,,,2023-01-17 0:00
M00697,2023-05-26,Partner,Q3_PROMO,IN,,18073.89,,15342,,2023-05-26 0:00
M00129,,,SUMMER24,,,,83243,,365,2023-11-24 0:00
M00864,2023-10-22 0:00,Outbound,BF2024,IN,EUR,16795.51,737668,,330,2023-10-22 0:00
M00327,03/30/2025,Webinar,SUMMER24,IN,GBP,2526.21,473307,,,2025-03-30 0:00
M00187,11/26/2023,Organic,BF2024,IN,USD,16396.77,,,,2023-11-26 0:00
